bp_code;bp_pt_code;bp_perirec;bp_etiquet;bp_codeext;bp_abandon;bp_lc_code;bp_prop;bp_gest;bp_proptyp;bp_statut;bp_dateins;bp_avct;bp_typephy;bp_typelog;bp_rf_code;bp_user;bp_etat;bp_occp;bp_datemes;bp_entrees;bp_ref_kit;bp_ca_nb;bp_nb_pas;bp_linecod;bp_oc_code;bp_racco;bp_comment;bp_creadat;bp_majdate;bp_majsrc;bp_abddate;bp_abdsrc
PTO00096192591;;;WI-B215-8157;96192591;0;PTO00096192591;PSIT0000000125;GSIT0000000140;CST;REC;2024-08-16 00-00-00;S;DTI1;PTO;PTO00000005100;;;;;;;;;;;;;;;;;
PTO00048026691;;;CT-2568-5990;48026691;0;PTO00048026691;PSIT0000000125;GSIT0000000140;CST;REC;2023-04-17 00-00-00;S;DTI1;PTO;PTO00000005100;;;;;;;;;;;;;;;;;
PTO00083359791;;;WI-B184-5295;83359791;0;PTO00083359791;PSIT0000000125;GSIT0000000140;CST;REC;2023-10-04 00-00-00;S;DTI1;PTO;PTO00000005100;;;;;;;;;;;;;;;;;
PTO00051237491;;;CT-2568-7222;51237491;0;PTO00051237491;PSIT0000000125;GSIT0000000140;CST;REC;2022-11-30 00-00-00;S;DTI1;PTO;PTO00000005100;;;;;;;;;;;;;;;;;
PTO00000290181;;;CT-2568-6210;290181;0;PTO00000290181;PSIT0000000125;GSIT0000000140;CST;REC;2023-07-26 00-00-00;S;DTI1;PTO;PTO00000005100;;;;;;;;;;;;;;;;;
PTO00016085541;;;CT-2568-6298;16085541;0;PTO00016085541;PSIT0000000125;GSIT0000000140;CST;REC;2020-08-06 00-00-00;S;DTI1;PTO;PTO00000005100;;;;;;;;;;;;;;;;;
PTO00092294181;;;WI-B202-6597;92294181;0;PTO00092294181;PSIT0000000125;GSIT0000000140;CST;REC;2024-03-28 00-00-00;S;DTI1;PTO;PTO00000005100;;;;;;;;;;;;;;;;;
PTO00067953061;;;WI-B174-1037;67953061;1;PTO00067953061;PSIT0000000125;GSIT0000000140;CST;MCO;2023-06-26 00-00-00;E;DTI1;PTO;PTO00000005100;;;;;;;;;;;;;;;;;
PTO00036376281;;;CT-2568-9213;36376281;0;PTO00036376281;PSIT0000000125;GSIT0000000140;CST;REC;2022-11-05 00-00-00;S;DTI1;PTO;PTO00000005100;;;;;;;;;;;;;;;;;
PTO00049362881;;;CT-2568-6122;49362881;0;PTO00049362881;PSIT0000000125;GSIT0000000140;CST;REC;2022-02-09 00-00-00;S;DTI1;PTO;PTO00000005100;;;;;;;;;;;;;;;;;
PTO00036083031;;;CT-2568-5649;36083031;0;PTO00036083031;PSIT0000000125;GSIT0000000140;CST;REC;2021-11-10 00-00-00;S;DTI1;PTO;PTO00000005100;;;;;;;;;;;;;;;;;
PTO00100478531;;;WI-B232-3597;100478531;0;PTO00100478531;PSIT0000000125;GSIT0000000140;CST;REC;2025-02-05 00-00-00;S;DTI1;PTO;PTO00000005100;;;;;;;;;;;;;;;;;
PTO00035889511;;;CT-2568-8817;35889511;0;PTO00035889511;PSIT0000000125;GSIT0000000140;CST;REC;2022-04-20 00-00-00;S;DTI1;PTO;PTO00000005100;;;;;;;;;;;;;;;;;
PTO00043293641;;;CT-2568-8685;43293641;0;PTO00043293641;PSIT0000000125;GSIT0000000140;CST;REC;2023-06-08 00-00-00;S;DTI1;PTO;PTO00000005100;;;;;;;;;;;;;;;;;
PTO00014966841;;;CT-2568-6045;14966841;0;PTO00014966841;PSIT0000000125;GSIT0000000140;CST;REC;2020-10-06 00-00-00;S;DTI1;PTO;PTO00000005100;;;;;;;;;;;;;;;;;
PTO00045812071;;;CT-2568-9103;45812071;1;PTO00045812071;PSIT0000000125;GSIT0000000140;CST;MCO;2021-05-05 00-00-00;E;DTI1;PTO;PTO00000005100;;;;;;;;;;;;;;;;;
PTO00045822191;;;CT-2568-9070;45822191;1;PTO00045822191;PSIT0000000125;GSIT0000000140;CST;MCO;2020-07-01 00-00-00;E;DTI1;PTO;PTO00000005100;;;;;;;;;;;;;;;;;
PTO00045811411;;;CT-2568-9092;45811411;0;PTO00045811411;PSIT0000000125;GSIT0000000140;CST;REC;2020-10-07 00-00-00;S;DTI1;PTO;PTO00000005100;;;;;;;;;;;;;;;;;
PTO00045832391;;;CT-2568-9125;45832391;0;PTO00045832391;PSIT0000000125;GSIT0000000140;CST;REC;2023-04-15 00-00-00;S;DTI1;PTO;PTO00000005100;;;;;;;;;;;;;;;;;
PTO00010778611;;;CT-2568-8861;10778611;0;PTO00010778611;PSIT0000000125;GSIT0000000140;CST;REC;2020-07-16 00-00-00;S;DTI1;PTO;PTO00000005100;;;;;;;;;;;;;;;;;
PTO00010723651;;;CT-2568-8883;10723651;0;PTO00010723651;PSIT0000000125;GSIT0000000140;CST;REC;2021-05-19 00-00-00;S;DTI1;PTO;PTO00000005100;;;;;;;;;;;;;;;;;
PTO00098946981;;;WI-B226-3669;98946981;0;PTO00098946981;PSIT0000000125;GSIT0000000140;CST;REC;2024-12-02 00-00-00;S;DTI1;PTO;PTO00000005100;;;;;;;;;;;;;;;;;
PTO00093649501;;;WI-B207-0949;93649501;0;PTO00093649501;PSIT0000000125;GSIT0000000140;CST;REC;2024-05-24 00-00-00;S;DTI1;PTO;PTO00000005100;;;;;;;;;;;;;;;;;
PTO00046127551;;;CT-2568-7893;46127551;0;PTO00046127551;PSIT0000000125;GSIT0000000140;CST;REC;2021-01-19 00-00-00;S;DTI1;PTO;PTO00000005100;;;;;;;;;;;;;;;;;
PTO00047520111;;;CT-2568-5594;47520111;0;PTO00047520111;PSIT0000000125;GSIT0000000140;CST;REC;2020-07-06 00-00-00;S;DTI1;PTO;PTO00000005100;;;;;;;;;;;;;;;;;
PTO00092970041;;;WI-B200-7886;92970041;0;PTO00092970041;PSIT0000000125;GSIT0000000140;CST;REC;2024-04-20 00-00-00;S;DTI1;PTO;PTO00000005100;;;;;;;;;;;;;;;;;
PTO00082953611;;;WI-B182-4747;82953611;0;PTO00082953611;PSIT0000000125;GSIT0000000140;CST;REC;2023-09-08 00-00-00;S;DTI1;PTO;PTO00000005100;;;;;;;;;;;;;;;;;
PTO00050292281;;;CT-2568-6826;50292281;0;PTO00050292281;PSIT0000000125;GSIT0000000140;CST;REC;2021-12-02 00-00-00;S;DTI1;PTO;PTO00000005100;;;;;;;;;;;;;;;;;
PTO00034261011;;;CT-2568-5836;34261011;0;PTO00034261011;PSIT0000000125;GSIT0000000140;CST;REC;2020-06-30 00-00-00;S;DTI1;PTO;PTO00000005100;;;;;;;;;;;;;;;;;
PTO00034208541;;;CT-5449-0920;34208541;0;PTO00034208541;PSIT0000000125;GSIT0000000140;CST;REC;2022-02-24 00-00-00;S;DTI1;PTO;PTO00000005100;;;;;;;;;;;;;;;;;
PTO00049390191;;;CT-2568-7277;49390191;0;PTO00049390191;PSIT0000000125;GSIT0000000140;CST;REC;2020-08-18 00-00-00;S;DTI1;PTO;PTO00000005100;;;;;;;;;;;;;;;;;
PTO00044316881;;;CT-2568-5407;44316881;0;PTO00044316881;PSIT0000000125;GSIT0000000140;CST;REC;2020-09-03 00-00-00;S;DTI1;PTO;PTO00000005100;;;;;;;;;;;;;;;;;
PTO00044259901;;;CT-2568-5440;44259901;0;PTO00044259901;PSIT0000000125;GSIT0000000140;CST;REC;2020-09-19 00-00-00;S;DTI1;PTO;PTO00000005100;;;;;;;;;;;;;;;;;
PTO00047954911;;;CT-2568-5979;47954911;0;PTO00047954911;PSIT0000000125;GSIT0000000140;CST;REC;2020-07-02 00-00-00;S;DTI1;PTO;PTO00000005100;;;;;;;;;;;;;;;;;
PTO00035466761;;;WI-8129-3630;35466761;0;PTO00035466761;PSIT0000000125;GSIT0000000140;CST;REC;2022-07-08 00-00-00;S;DTI1;PTO;PTO00000005100;;;;;;;;;;;;;;;;;
PTO00094229641;;;WI-B209-9307;94229641;0;PTO00094229641;PSIT0000000125;GSIT0000000140;CST;REC;2024-06-04 00-00-00;S;DTI1;PTO;PTO00000005100;;;;;;;;;;;;;;;;;
PTO00049304371;;;CT-2568-5495;49304371;0;PTO00049304371;PSIT0000000125;GSIT0000000140;CST;REC;2021-03-04 00-00-00;S;DTI1;PTO;PTO00000005100;;;;;;;;;;;;;;;;;
PTO00087846951;;;WI-B183-9289;87846951;0;PTO00087846951;PSIT0000000125;GSIT0000000140;CST;REC;2023-11-16 00-00-00;S;DTI1;PTO;PTO00000005100;;;;;;;;;;;;;;;;;
PTO00010754421;;;CT-2568-8531;10754421;0;PTO00010754421;PSIT0000000125;GSIT0000000140;CST;REC;2022-12-12 00-00-00;S;DTI1;PTO;PTO00000005100;;;;;;;;;;;;;;;;;
PTO00049362851;;;CT-2568-7310;49362851;0;PTO00049362851;PSIT0000000125;GSIT0000000140;CST;REC;2022-11-02 00-00-00;S;DTI1;PTO;PTO00000005100;;;;;;;;;;;;;;;;;
PTO00048334671;;;CT-2568-8773;48334671;0;PTO00048334671;PSIT0000000125;GSIT0000000140;CST;REC;2020-12-12 00-00-00;S;DTI1;PTO;PTO00000005100;;;;;;;;;;;;;;;;;
PTO00000363441;;;CT-2568-6991;363441;0;PTO00000363441;PSIT0000000125;GSIT0000000140;CST;REC;2021-08-25 00-00-00;S;DTI1;PTO;PTO00000005100;;;;;;;;;;;;;;;;;
PTO00009299401;;;CT-2568-8927;9299401;0;PTO00009299401;PSIT0000000125;GSIT0000000140;CST;REC;2022-06-25 00-00-00;S;DTI1;PTO;PTO00000005100;;;;;;;;;;;;;;;;;
PTO00042064411;;;CT-2568-7035;42064411;0;PTO00042064411;PSIT0000000125;GSIT0000000140;CST;REC;2020-10-07 00-00-00;S;DTI1;PTO;PTO00000005100;;;;;;;;;;;;;;;;;
PTO00046620981;;;CT-2568-7420;46620981;0;PTO00046620981;PSIT0000000125;GSIT0000000140;CST;REC;2022-02-23 00-00-00;S;DTI1;PTO;PTO00000005100;;;;;;;;;;;;;;;;;
PTO00095545291;;;WI-B213-8016;95545291;0;PTO00095545291;PSIT0000000125;GSIT0000000140;CST;REC;2024-08-12 00-00-00;S;DTI1;PTO;PTO00000005100;;;;;;;;;;;;;;;;;
PTO00079772291;;;WI-B176-1090;79772291;0;PTO00079772291;PSIT0000000125;GSIT0000000140;CST;REC;2023-08-05 00-00-00;S;DTI1;PTO;PTO00000005100;;;;;;;;;;;;;;;;;
PTO00080063611;;;WI-B176-4566;80063611;0;PTO00080063611;PSIT0000000125;GSIT0000000140;CST;REC;2023-12-09 00-00-00;S;DTI1;PTO;PTO00000005100;;;;;;;;;;;;;;;;;
PTO00004644661;;;CT-2568-5715;4644661;1;PTO00004644661;PSIT0000000125;GSIT0000000140;CST;MCO;2021-10-07 00-00-00;E;DTI1;PTO;PTO00000005100;;;;;;;;;;;;;;;;;
PTO00004470611;;;CT-2568-5770;4470611;0;PTO00004470611;PSIT0000000125;GSIT0000000140;CST;REC;2020-07-20 00-00-00;S;DTI1;PTO;PTO00000005100;;;;;;;;;;;;;;;;;
PTO00033016381;;;CT-2568-5891;33016381;0;PTO00033016381;PSIT0000000125;GSIT0000000140;CST;REC;2023-04-17 00-00-00;S;DTI1;PTO;PTO00000005100;;;;;;;;;;;;;;;;;
PTO00052141771;;;CT-2568-9037;52141771;0;PTO00052141771;PSIT0000000125;GSIT0000000140;CST;REC;2022-10-28 00-00-00;S;DTI1;PTO;PTO00000005100;;;;;;;;;;;;;;;;;
PTO00036092231;;;CT-2568-8828;36092231;0;PTO00036092231;PSIT0000000125;GSIT0000000140;CST;REC;2021-01-22 00-00-00;S;DTI1;PTO;PTO00000005100;;;;;;;;;;;;;;;;;
PTO00035881371;;;WI-4910-5683;35881371;0;PTO00035881371;PSIT0000000125;GSIT0000000140;CST;REC;2021-01-06 00-00-00;S;DTI1;PTO;PTO00000005100;;;;;;;;;;;;;;;;;
PTO00041376241;;;CT-2568-6793;41376241;0;PTO00041376241;PSIT0000000125;GSIT0000000140;CST;REC;2021-12-18 00-00-00;S;DTI1;PTO;PTO00000005100;;;;;;;;;;;;;;;;;
PTO00041488951;;;CT-2568-6804;41488951;0;PTO00041488951;PSIT0000000125;GSIT0000000140;CST;REC;2022-01-05 00-00-00;S;DTI1;PTO;PTO00000005100;;;;;;;;;;;;;;;;;
PTO00045785011;;;CT-2568-9114;45785011;0;PTO00045785011;PSIT0000000125;GSIT0000000140;CST;REC;2021-09-10 00-00-00;S;DTI1;PTO;PTO00000005100;;;;;;;;;;;;;;;;;
PTO00050765591;;;CT-5375-2820;50765591;1;PTO00050765591;PSIT0000000125;GSIT0000000140;CST;MCO;2021-03-25 00-00-00;E;DTI1;PTO;PTO00000005100;;;;;;;;;;;;;;;;;
PTO00012653461;;;CT-2568-9323;12653461;0;PTO00012653461;PSIT0000000125;GSIT0000000140;CST;REC;2022-05-06 00-00-00;S;DTI1;PTO;PTO00000005100;;;;;;;;;;;;;;;;;
PTO00048216971;;;CT-2568-8608;48216971;0;PTO00048216971;PSIT0000000125;GSIT0000000140;CST;REC;2022-06-25 00-00-00;S;DTI1;PTO;PTO00000005100;;;;;;;;;;;;;;;;;
PTO00095511801;;;WI-B213-6872;95511801;0;PTO00095511801;PSIT0000000125;GSIT0000000140;CST;REC;2024-11-05 00-00-00;S;DTI1;PTO;PTO00000005100;;;;;;;;;;;;;;;;;
PTO00045722471;;;CT-2568-8476;45722471;0;PTO00045722471;PSIT0000000125;GSIT0000000140;CST;REC;2022-11-17 00-00-00;S;DTI1;PTO;PTO00000005100;;;;;;;;;;;;;;;;;
PTO00043362121;;;CT-2568-5484;43362121;0;PTO00043362121;PSIT0000000125;GSIT0000000140;CST;REC;2020-11-26 00-00-00;S;DTI1;PTO;PTO00000005100;;;;;;;;;;;;;;;;;
PTO00089957521;;;WI-B190-2044;89957521;0;PTO00089957521;PSIT0000000125;GSIT0000000140;CST;REC;2024-01-30 00-00-00;S;DTI1;PTO;PTO00000005100;;;;;;;;;;;;;;;;;
PTO00047515291;;;CT-2568-5616;47515291;1;PTO00047515291;PSIT0000000125;GSIT0000000140;CST;MCO;2020-12-22 00-00-00;E;DTI1;PTO;PTO00000005100;;;;;;;;;;;;;;;;;
PTO00041137041;;;CT-2568-8036;41137041;0;PTO00041137041;PSIT0000000125;GSIT0000000140;CST;REC;2022-06-02 00-00-00;S;DTI1;PTO;PTO00000005100;;;;;;;;;;;;;;;;;
PTO00039197341;;;CT-2568-7123;39197341;1;PTO00039197341;PSIT0000000125;GSIT0000000140;CST;MCO;2021-11-09 00-00-00;E;DTI1;PTO;PTO00000005100;;;;;;;;;;;;;;;;;
PTO00086981901;;;WI-B208-5359;86981901;0;PTO00086981901;PSIT0000000125;GSIT0000000140;CST;REC;2023-10-28 00-00-00;S;DTI1;PTO;PTO00000005100;;;;;;;;;;;;;;;;;
PTO00010745431;;;CT-2568-8399;10745431;0;PTO00010745431;PSIT0000000125;GSIT0000000140;CST;REC;2021-04-09 00-00-00;S;DTI1;PTO;PTO00000005100;;;;;;;;;;;;;;;;;
PTO00092320741;;;WI-B197-5029;92320741;0;PTO00092320741;PSIT0000000125;GSIT0000000140;CST;REC;2024-03-29 00-00-00;S;DTI1;PTO;PTO00000005100;;;;;;;;;;;;;;;;;
PTO00044299711;;;CT-2568-5451;44299711;1;PTO00044299711;PSIT0000000125;GSIT0000000140;CST;MCO;2020-09-15 00-00-00;E;DTI1;PTO;PTO00000005100;;;;;;;;;;;;;;;;;
PTO00094242541;;;WI-B209-9692;94242541;1;PTO00094242541;PSIT0000000125;GSIT0000000140;CST;MCO;2024-06-05 00-00-00;E;DTI1;PTO;PTO00000005100;;;;;;;;;;;;;;;;;
BL000016647842;;;BE-01-120143645;16647842;0;RO000024003573;PSIT0000000125;GSIT0000000140;CST;REC;2022-01-18 15-07-04;E;B024;PBO;BL000000004816;;;;;;;;;;;;;;;;;
BL000017660965;;;BE-01-120714765;17660965;0;RO000025451900;PSIT0000000125;GSIT0000000140;CST;REC;2022-04-21 15-13-46;E;B024;PBO;BL000000004816;;;;;;;;;;;;;;;;;
BL000016647843;;;BE-02-120143645;16647843;0;RO000024003573;PSIT0000000125;GSIT0000000140;CST;REC;2022-01-18 15-07-07;E;B024;PBO;BL000000004816;;;;;;;;;;;;;;;;;
BL000008075347;CH000004314235;;PBO-SRO-BPI-11365657-004;8075347;0;;PSIT0000000125;GSIT0000000140;CST;REC;2019-11-01 17-14-31;E;B048;PBO;BL000000004824;;;;;;;;;;;;;;;;;
BL000008075359;HU000013076761;;PBO-SRO-BPI-11365657-028;8075359;0;;PSIT0000000125;GSIT0000000140;CST;REC;2019-11-01 00-00-00;E;B048;PBO;BL000000004822;;;;;;;;;;;;;;;;;
BL000008075701;CH000004318068;;PBO-SRO-BPI-11365657-034;8075701;0;;PSIT0000000125;GSIT0000000140;CST;REC;2019-11-01 17-15-35;E;B048;PBO;BL000000004824;;;;;;;;;;;;;;;;;
BL000008075055;SU000000871042;;PBO-SRO-BPI-11365657-059;8075055;0;;PSIT0000000125;GSIT0000000140;CST;REC;2019-11-01 17-16-05;E;B048;PBO;BL000000004822;;;;;;;;;;;;;;;;;
BL000008075730;CH000004310741;;PBO-SRO-BPI-11365657-075;8075730;0;;PSIT0000000125;GSIT0000000140;CST;REC;2019-11-01 17-16-22;E;B048;PBO;BL000000004824;;;;;;;;;;;;;;;;;
BL000008075686;CH000004319347;;PBO-SRO-BPI-11365657-042;8075686;0;;PSIT0000000125;GSIT0000000140;CST;REC;2019-11-01 17-15-37;E;B048;PBO;BL000000004824;;;;;;;;;;;;;;;;;
BL000008075351;CH000004312628;;PBO-SRO-BPI-11365657-012;8075351;0;;PSIT0000000125;GSIT0000000140;CST;REC;2019-11-01 17-14-43;E;B048;PBO;BL000000004824;;;;;;;;;;;;;;;;;
BL000008075349;CH000004308795;;PBO-SRO-BPI-11365657-010;8075349;0;;PSIT0000000125;GSIT0000000140;CST;REC;2019-11-01 17-14-37;E;B048;PBO;BL000000004824;;;;;;;;;;;;;;;;;
BL000008075049;CH000004312955;;PBO-SRO-BPI-11365657-053;8075049;0;;PSIT0000000125;GSIT0000000140;CST;REC;2019-11-01 17-15-46;E;B048;PBO;BL000000004824;;;;;;;;;;;;;;;;;
BL000008075046;HU000013076745;;PBO-SRO-BPI-11365657-050;8075046;0;;PSIT0000000125;GSIT0000000140;CST;REC;2019-11-01 00-00-00;E;B048;PBO;BL000000004822;;;;;;;;;;;;;;;;;
BL000008075050;SU000005302726;;PBO-SRO-BPI-11365657-054;8075050;0;;PSIT0000000125;GSIT0000000140;CST;REC;2019-11-01 17-15-49;E;B048;PBO;BL000000004822;;;;;;;;;;;;;;;;;
BL000008075675;SU000000872341;;PBO-SRO-BPI-11365657-068;8075675;0;;PSIT0000000125;GSIT0000000140;CST;REC;2019-11-01 17-15-59;E;B048;PBO;BL000000004822;;;;;;;;;;;;;;;;;
BL000008075676;CH000004316168;;PBO-SRO-BPI-11365657-069;8075676;0;;PSIT0000000125;GSIT0000000140;CST;REC;2019-11-01 17-16-02;E;B048;PBO;BL000000004824;;;;;;;;;;;;;;;;;
BL000008075346;CH000004319994;;PBO-SRO-BPI-11365657-003;8075346;0;;PSIT0000000125;GSIT0000000140;CST;REC;2019-11-01 17-14-28;E;B048;PBO;BL000000004824;;;;;;;;;;;;;;;;;
BL000008075689;CH000004321267;;PBO-SRO-BPI-11365657-045;8075689;0;;PSIT0000000125;GSIT0000000140;CST;REC;2019-11-01 17-15-47;E;B048;PBO;BL000000004824;;;;;;;;;;;;;;;;;
BL000008075713;SU000000880005;;PBO-SRO-BPI-11365657-061;8075713;0;;PSIT0000000125;GSIT0000000140;CST;REC;2019-11-01 17-16-12;E;B048;PBO;BL000000004822;;;;;;;;;;;;;;;;;
BL000008075670;CH000004318707;;PBO-SRO-BPI-11365657-021;8075670;0;;PSIT0000000125;GSIT0000000140;CST;REC;2019-11-01 17-15-07;E;B048;PBO;BL000000004824;;;;;;;;;;;;;;;;;
BL000008075679;CH000004318715;;PBO-SRO-BPI-11365657-072;8075679;0;;PSIT0000000125;GSIT0000000140;CST;REC;2019-11-01 17-16-13;E;B048;PBO;BL000000004824;;;;;;;;;;;;;;;;;
BL000008075693;CH000004310742;;PBO-SRO-BPI-11365657-049;8075693;0;;PSIT0000000125;GSIT0000000140;CST;REC;2019-11-01 00-00-00;E;B048;PBO;BL000000004824;;;;;;;;;;;;;;;;;
BL000008075733;HU000013076780;;PBO-SRO-BPI-11365657-078;8075733;0;;PSIT0000000125;GSIT0000000140;CST;REC;2019-11-01 00-00-00;E;B048;PBO;BL000000004822;;;;;;;;;;;;;;;;;
BL000008075677;CH000004310740;;PBO-SRO-BPI-11365657-070;8075677;0;;PSIT0000000125;GSIT0000000140;CST;REC;2019-11-01 17-16-05;E;B048;PBO;BL000000004824;;;;;;;;;;;;;;;;;
BL000008075054;CH000004321919;;PBO-SRO-BPI-11365657-058;8075054;0;;PSIT0000000125;GSIT0000000140;CST;REC;2019-11-01 17-16-02;E;B048;PBO;BL000000004824;;;;;;;;;;;;;;;;;
BL000008075667;CH000004318713;;PBO-SRO-BPI-11365657-018;8075667;0;;PSIT0000000125;GSIT0000000140;CST;REC;2019-11-01 17-14-58;E;B048;PBO;BL000000004824;;;;;;;;;;;;;;;;;
BL000008075685;CH000004310747;;PBO-SRO-BPI-11365657-041;8075685;0;;PSIT0000000125;GSIT0000000140;CST;REC;2019-11-01 17-15-34;E;B048;PBO;BL000000004824;;;;;;;;;;;;;;;;;
BL000008075354;CH000004321293;;PBO-SRO-BPI-11365657-015;8075354;0;;PSIT0000000125;GSIT0000000140;CST;REC;2019-11-01 17-14-53;E;B048;PBO;BL000000004824;;;;;;;;;;;;;;;;;
BL000008075668;CH000004313923;;PBO-SRO-BPI-11365657-019;8075668;0;;PSIT0000000125;GSIT0000000140;CST;REC;2019-11-01 17-15-01;E;B048;PBO;BL000000004824;;;;;;;;;;;;;;;;;
BL000008075666;CH000004319038;;PBO-SRO-BPI-11365657-017;8075666;0;;PSIT0000000125;GSIT0000000140;CST;REC;2019-11-01 17-14-54;E;B048;PBO;BL000000004824;;;;;;;;;;;;;;;;;
BL000008075039;CH000004312631;;PBO-SRO-BPI-11365657-001;8075039;0;;PSIT0000000125;GSIT0000000140;CST;REC;2019-11-01 17-14-21;E;B048;PBO;BL000000004824;;;;;;;;;;;;;;;;;
BL000008075682;SU000003482565;;PBO-SRO-BPI-11365657-038;8075682;0;;PSIT0000000125;GSIT0000000140;CST;REC;2019-11-01 17-15-25;E;B048;PBO;BL000000004822;;;;;;;;;;;;;;;;;
BL000008075687;CH000004319046;;PBO-SRO-BPI-11365657-043;8075687;0;;PSIT0000000125;GSIT0000000140;CST;REC;2019-11-01 17-15-41;E;B048;PBO;BL000000004824;;;;;;;;;;;;;;;;;
BL000008075665;CH000004319052;;PBO-SRO-BPI-11365657-016;8075665;0;;PSIT0000000125;GSIT0000000140;CST;REC;2019-11-01 17-14-51;E;B048;PBO;BL000000004824;;;;;;;;;;;;;;;;;
BL000008075360;SU000005016646;;PBO-SRO-BPI-11365657-029;8075360;0;;PSIT0000000125;GSIT0000000140;CST;REC;2019-11-01 17-15-20;E;B048;PBO;BL000000004822;;;;;;;;;;;;;;;;;
BL000008075692;CH000004310739;;PBO-SRO-BPI-11365657-048;8075692;0;;PSIT0000000125;GSIT0000000140;CST;REC;2019-11-01 17-15-56;E;B048;PBO;BL000000004824;;;;;;;;;;;;;;;;;
BL000008075699;HU000013076782;;PBO-SRO-BPI-11365657-032;8075699;0;;PSIT0000000125;GSIT0000000140;CST;REC;2019-11-01 00-00-00;E;B048;PBO;BL000000004822;;;;;;;;;;;;;;;;;
BL000008075688;CH000004316174;;PBO-SRO-BPI-11365657-044;8075688;0;;PSIT0000000125;GSIT0000000140;CST;REC;2019-11-01 17-15-44;E;B048;PBO;BL000000004824;;;;;;;;;;;;;;;;;
BL000008075702;CH000004313592;;PBO-SRO-BPI-11365657-035;8075702;0;;PSIT0000000125;GSIT0000000140;CST;REC;2019-11-01 17-15-38;E;B048;PBO;BL000000004824;;;;;;;;;;;;;;;;;
BL000008075714;SU000005302735;;PBO-SRO-BPI-11365657-062;8075714;0;;PSIT0000000125;GSIT0000000140;CST;REC;2019-11-01 17-16-15;E;B048;PBO;BL000000004822;;;;;;;;;;;;;;;;;
BL000008075672;CH000004319359;;PBO-SRO-BPI-11365657-023;8075672;0;;PSIT0000000125;GSIT0000000140;CST;REC;2019-11-01 17-15-13;E;B048;PBO;BL000000004824;;;;;;;;;;;;;;;;;
BL000008075353;CH000004319354;;PBO-SRO-BPI-11365657-014;8075353;0;;PSIT0000000125;GSIT0000000140;CST;REC;2019-11-01 17-14-50;E;B048;PBO;BL000000004824;;;;;;;;;;;;;;;;;
BL000008075674;SU000005302724;;PBO-SRO-BPI-11365657-067;8075674;0;;PSIT0000000125;GSIT0000000140;CST;REC;2019-11-01 17-15-56;E;B048;PBO;BL000000004822;;;;;;;;;;;;;;;;;
BL000008075047;HU000013076746;;PBO-SRO-BPI-11365657-051;8075047;0;;PSIT0000000125;GSIT0000000140;CST;REC;2019-11-01 00-00-00;E;B048;PBO;BL000000004822;;;;;;;;;;;;;;;;;
BL000008074733;CH000004311672;;PBO-SRO-BPI-11365657-008;8074733;0;;PSIT0000000125;GSIT0000000140;CST;REC;2019-11-01 17-14-31;E;B048;PBO;BL000000004824;;;;;;;;;;;;;;;;;
BL000008075350;CH000004319037;;PBO-SRO-BPI-11365657-011;8075350;0;;PSIT0000000125;GSIT0000000140;CST;REC;2019-11-01 17-14-40;E;B048;PBO;BL000000004824;;;;;;;;;;;;;;;;;
BL000008075352;CH000004310387;;PBO-SRO-BPI-11365657-013;8075352;0;;PSIT0000000125;GSIT0000000140;CST;REC;2019-11-01 17-14-47;E;B048;PBO;BL000000004824;;;;;;;;;;;;;;;;;
BL000008075703;CH000004321585;;PBO-SRO-BPI-11365657-036;8075703;0;;PSIT0000000125;GSIT0000000140;CST;REC;2019-11-01 17-15-41;E;B048;PBO;BL000000004824;;;;;;;;;;;;;;;;;
BL000008075355;CH000004008954;;PBO-SRO-BPI-11365657-024;8075355;0;;PSIT0000000125;GSIT0000000140;CST;REC;2019-11-01 17-15-05;E;B048;PBO;BL000000004824;;;;;;;;;;;;;;;;;
BL000008075698;SU000005302734;;PBO-SRO-BPI-11365657-031;8075698;0;;PSIT0000000125;GSIT0000000140;CST;REC;2019-11-01 17-15-26;E;B048;PBO;BL000000004822;;;;;;;;;;;;;;;;;
PTO00067872491;;;WI-6019-5674;67872491;0;PTO00067872491;PSIT0000000125;GSIT0000000140;CST;REC;2023-06-21 00-00-00;S;DTI1;PTO;PTO00000005100;;;;;;;;;;;;;;;;;
PTO00016204641;;;CT-2568-6320;16204641;1;PTO00016204641;PSIT0000000125;GSIT0000000140;CST;MCO;2021-06-18 00-00-00;E;DTI1;PTO;PTO00000005100;;;;;;;;;;;;;;;;;
PTO00048236221;;;CT-2568-8729;48236221;0;PTO00048236221;PSIT0000000125;GSIT0000000140;CST;REC;2020-07-15 00-00-00;S;DTI1;PTO;PTO00000005100;;;;;;;;;;;;;;;;;
PTO00011150941;;;CT-2568-8619;11150941;0;PTO00011150941;PSIT0000000125;GSIT0000000140;CST;REC;2023-06-10 00-00-00;S;DTI1;PTO;PTO00000005100;;;;;;;;;;;;;;;;;
PTO00010882161;;;CT-2568-8553;10882161;0;PTO00010882161;PSIT0000000125;GSIT0000000140;CST;REC;2021-11-27 00-00-00;S;DTI1;PTO;PTO00000005100;;;;;;;;;;;;;;;;;
PTO00000242651;;;CT-2568-9147;242651;0;PTO00000242651;PSIT0000000125;GSIT0000000140;CST;REC;2020-09-02 00-00-00;S;DTI1;PTO;PTO00000005100;;;;;;;;;;;;;;;;;
PTO00000308071;;;CT-2568-9158;308071;0;PTO00000308071;PSIT0000000125;GSIT0000000140;CST;REC;2021-05-21 00-00-00;S;DTI1;PTO;PTO00000005100;;;;;;;;;;;;;;;;;
PTO00097661921;;;WI-B221-2035;97661921;0;PTO00097661921;PSIT0000000125;GSIT0000000140;CST;REC;2024-10-16 00-00-00;S;DTI1;PTO;PTO00000005100;;;;;;;;;;;;;;;;;
PTO00093042371;;;WI-B204-0820;93042371;0;PTO00093042371;PSIT0000000125;GSIT0000000140;CST;REC;2024-05-20 00-00-00;S;DTI1;PTO;PTO00000005100;;;;;;;;;;;;;;;;;
PTO00049002681;;;CT-2568-8289;49002681;0;PTO00049002681;PSIT0000000125;GSIT0000000140;CST;REC;2021-12-31 00-00-00;S;DTI1;PTO;PTO00000005100;;;;;;;;;;;;;;;;;
PTO00043342741;;;CT-2568-5286;43342741;1;PTO00043342741;PSIT0000000125;GSIT0000000140;CST;MCO;2020-11-05 00-00-00;E;DTI1;PTO;PTO00000005100;;;;;;;;;;;;;;;;;
PTO00041973711;;;CT-2568-7057;41973711;0;PTO00041973711;PSIT0000000125;GSIT0000000140;CST;REC;2021-01-15 00-00-00;S;DTI1;PTO;PTO00000005100;;;;;;;;;;;;;;;;;
PTO00015650451;;;CT-2568-6925;15650451;0;PTO00015650451;PSIT0000000125;GSIT0000000140;CST;REC;2021-10-21 00-00-00;S;DTI1;PTO;PTO00000005100;;;;;;;;;;;;;;;;;
PTO00036291101;;;CT-2568-9202;36291101;0;PTO00036291101;PSIT0000000125;GSIT0000000140;CST;REC;2021-05-06 00-00-00;S;DTI1;PTO;PTO00000005100;;;;;;;;;;;;;;;;;
PTO00004567811;;;CT-2568-5748;4567811;1;PTO00004567811;PSIT0000000125;GSIT0000000140;CST;MCO;2020-07-02 00-00-00;E;DTI1;PTO;PTO00000005100;;;;;;;;;;;;;;;;;
PTO00052042101;;;CT-2568-9026;52042101;0;PTO00052042101;PSIT0000000125;GSIT0000000140;CST;REC;2021-08-04 00-00-00;S;DTI1;PTO;PTO00000005100;;;;;;;;;;;;;;;;;
PTO00043296671;;;CT-2568-9004;43296671;0;PTO00043296671;PSIT0000000125;GSIT0000000140;CST;REC;2020-12-09 00-00-00;S;DTI1;PTO;PTO00000005100;;;;;;;;;;;;;;;;;
PTO00000471481;;;CT-2568-6881;471481;0;PTO00000471481;PSIT0000000125;GSIT0000000140;CST;REC;2023-01-13 00-00-00;S;DTI1;PTO;PTO00000005100;;;;;;;;;;;;;;;;;
PTO00088050501;;;WI-B189-7688;88050501;0;PTO00088050501;PSIT0000000125;GSIT0000000140;CST;REC;2023-11-29 00-00-00;S;DTI1;PTO;PTO00000005100;;;;;;;;;;;;;;;;;
PTO00008771091;;;CT-2568-8366;8771091;0;PTO00008771091;PSIT0000000125;GSIT0000000140;CST;REC;2022-06-29 00-00-00;S;DTI1;PTO;PTO00000005100;;;;;;;;;;;;;;;;;
PTO00012653391;;;CT-2568-9356;12653391;0;PTO00012653391;PSIT0000000125;GSIT0000000140;CST;REC;2022-07-21 00-00-00;S;DTI1;PTO;PTO00000005100;;;;;;;;;;;;;;;;;
PTO00086462491;;;WI-B206-5174;86462491;1;PTO00086462491;PSIT0000000125;GSIT0000000140;CST;MCO;2022-06-18 00-00-00;E;DTI1;PTO;PTO00000005100;;;;;;;;;;;;;;;;;
PTO00046160811;;;CT-2568-7926;46160811;0;PTO00046160811;PSIT0000000125;GSIT0000000140;CST;REC;2022-12-02 00-00-00;S;DTI1;PTO;PTO00000005100;;;;;;;;;;;;;;;;;
PTO00043355821;;;CT-2568-5517;43355821;0;PTO00043355821;PSIT0000000125;GSIT0000000140;CST;REC;2023-06-07 00-00-00;S;DTI1;PTO;PTO00000005100;;;;;;;;;;;;;;;;;
PTO00043409761;;;CT-2568-5506;43409761;0;PTO00043409761;PSIT0000000125;GSIT0000000140;CST;REC;2021-07-30 00-00-00;S;DTI1;PTO;PTO00000005100;;;;;;;;;;;;;;;;;
PTO00002841381;;;CT-2568-9257;2841381;0;PTO00002841381;PSIT0000000125;GSIT0000000140;CST;REC;2021-03-13 00-00-00;S;DTI1;PTO;PTO00000005100;;;;;;;;;;;;;;;;;
PTO00002722951;;;CT-2568-9224;2722951;0;PTO00002722951;PSIT0000000125;GSIT0000000140;CST;REC;2021-01-07 00-00-00;S;DTI1;PTO;PTO00000005100;;;;;;;;;;;;;;;;;
PTO00041213241;;;CT-2568-8058;41213241;1;PTO00041213241;PSIT0000000125;GSIT0000000140;CST;MCO;2023-05-17 00-00-00;E;DTI1;PTO;PTO00000005100;;;;;;;;;;;;;;;;;
PTO00050270651;;;CT-2568-6815;50270651;0;PTO00050270651;PSIT0000000125;GSIT0000000140;CST;REC;2021-09-20 00-00-00;S;DTI1;PTO;PTO00000005100;;;;;;;;;;;;;;;;;
PTO00049280161;;;CT-2568-5363;49280161;0;PTO00049280161;PSIT0000000125;GSIT0000000140;CST;REC;2020-12-17 00-00-00;S;DTI1;PTO;PTO00000005100;;;;;;;;;;;;;;;;;
PTO00049299031;;;CT-2568-5341;49299031;0;PTO00049299031;PSIT0000000125;GSIT0000000140;CST;REC;2020-11-12 00-00-00;S;DTI1;PTO;PTO00000005100;;;;;;;;;;;;;;;;;
PTO00049365051;;;CT-2568-7266;49365051;0;PTO00049365051;PSIT0000000125;GSIT0000000140;CST;REC;2022-08-23 00-00-00;S;DTI1;PTO;PTO00000005100;;;;;;;;;;;;;;;;;
PTO00010745061;;;CT-2568-8465;10745061;0;PTO00010745061;PSIT0000000125;GSIT0000000140;CST;REC;2023-05-25 00-00-00;S;DTI1;PTO;PTO00000005100;;;;;;;;;;;;;;;;;
PTO00034191231;;;CT-2568-6166;34191231;0;PTO00034191231;PSIT0000000125;GSIT0000000140;CST;REC;2022-05-20 00-00-00;S;DTI1;PTO;PTO00000005100;;;;;;;;;;;;;;;;;
PTO00050645261;;;WI-7451-9731;50645261;0;PTO00050645261;PSIT0000000125;GSIT0000000140;CST;REC;2023-04-26 00-00-00;S;DTI1;PTO;PTO00000005100;;;;;;;;;;;;;;;;;
PTO00035156871;;;WI-8129-3674;35156871;0;PTO00035156871;PSIT0000000125;GSIT0000000140;CST;REC;2022-12-29 00-00-00;S;DTI1;PTO;PTO00000005100;;;;;;;;;;;;;;;;;
PTO00095427861;;;WI-B213-4254;95427861;0;PTO00095427861;PSIT0000000125;GSIT0000000140;CST;REC;2024-07-17 00-00-00;S;DTI1;PTO;PTO00000005100;;;;;;;;;;;;;;;;;
PTO00049392681;;;CT-2568-5550;49392681;1;PTO00049392681;PSIT0000000125;GSIT0000000140;CST;MCO;2022-02-04 00-00-00;E;DTI1;PTO;PTO00000005100;;;;;;;;;;;;;;;;;
PTO00092707671;;;WI-B187-5325;92707671;0;PTO00092707671;PSIT0000000125;GSIT0000000140;CST;REC;2024-04-20 00-00-00;S;DTI1;PTO;PTO00000005100;;;;;;;;;;;;;;;;;
PTO00082341651;;;WI-B181-5870;82341651;0;PTO00082341651;PSIT0000000125;GSIT0000000140;CST;REC;2023-10-13 00-00-00;S;DTI1;PTO;PTO00000005100;;;;;;;;;;;;;;;;;
PTO00043368141;;;CT-2568-6353;43368141;0;PTO00043368141;PSIT0000000125;GSIT0000000140;CST;REC;2021-11-16 00-00-00;S;DTI1;PTO;PTO00000005100;;;;;;;;;;;;;;;;;
PTO00092328751;;;WI-B202-7796;92328751;0;PTO00092328751;PSIT0000000125;GSIT0000000140;CST;REC;2024-03-29 00-00-00;S;DTI1;PTO;PTO00000005100;;;;;;;;;;;;;;;;;
PTO00000392131;;;CT-2568-6980;392131;0;PTO00000392131;PSIT0000000125;GSIT0000000140;CST;REC;2021-09-10 00-00-00;S;DTI1;PTO;PTO00000005100;;;;;;;;;;;;;;;;;
PTO00043421621;;;CT-2568-5308;43421621;0;PTO00043421621;PSIT0000000125;GSIT0000000140;CST;REC;2020-12-22 00-00-00;S;DTI1;PTO;PTO00000005100;;;;;;;;;;;;;;;;;
PTO00046574981;;;CT-2568-7431;46574981;0;PTO00046574981;PSIT0000000125;GSIT0000000140;CST;REC;2022-04-13 00-00-00;S;DTI1;PTO;PTO00000005100;;;;;;;;;;;;;;;;;
PTO00083144751;;;WI-B183-7617;83144751;0;PTO00083144751;PSIT0000000125;GSIT0000000140;CST;REC;2024-01-11 00-00-00;S;DTI1;PTO;PTO00000005100;;;;;;;;;;;;;;;;;
PTO00049392871;;;CT-2568-6100;49392871;0;PTO00049392871;PSIT0000000125;GSIT0000000140;CST;REC;2021-04-23 00-00-00;S;DTI1;PTO;PTO00000005100;;;;;;;;;;;;;;;;;
PTO00036295141;;;CT-2568-5671;36295141;0;PTO00036295141;PSIT0000000125;GSIT0000000140;CST;REC;2022-12-26 00-00-00;S;DTI1;PTO;PTO00000005100;;;;;;;;;;;;;;;;;
PTO00043413211;;;CT-2568-8993;43413211;0;PTO00043413211;PSIT0000000125;GSIT0000000140;CST;REC;2020-07-22 00-00-00;S;DTI1;PTO;PTO00000005100;;;;;;;;;;;;;;;;;
PTO00043466521;;;CT-2568-8960;43466521;0;PTO00043466521;PSIT0000000125;GSIT0000000140;CST;REC;2021-02-10 00-00-00;S;DTI1;PTO;PTO00000005100;;;;;;;;;;;;;;;;;
PTO00041380651;;;CT-2568-6771;41380651;0;PTO00041380651;PSIT0000000125;GSIT0000000140;CST;REC;2021-10-02 00-00-00;S;DTI1;PTO;PTO00000005100;;;;;;;;;;;;;;;;;
PTO00041488981;;;CT-2568-6782;41488981;0;PTO00041488981;PSIT0000000125;GSIT0000000140;CST;REC;2021-10-29 00-00-00;S;DTI1;PTO;PTO00000005100;;;;;;;;;;;;;;;;;
PTO00000327021;;;CT-2568-8135;327021;0;PTO00000327021;PSIT0000000125;GSIT0000000140;CST;REC;2022-06-22 00-00-00;S;DTI1;PTO;PTO00000005100;;;;;;;;;;;;;;;;;
PTO00043310341;;;CT-4857-2491;43310341;0;PTO00043310341;PSIT0000000125;GSIT0000000140;CST;REC;2022-01-12 00-00-00;S;DTI1;PTO;PTO00000005100;;;;;;;;;;;;;;;;;
PTO00014595851;;;CT-2568-6023;14595851;0;PTO00014595851;PSIT0000000125;GSIT0000000140;CST;REC;2020-07-30 00-00-00;S;DTI1;PTO;PTO00000005100;;;;;;;;;;;;;;;;;
PTO00093540601;;;WI-B206-7330;93540601;0;PTO00093540601;PSIT0000000125;GSIT0000000140;CST;REC;2024-05-22 00-00-00;S;DTI1;PTO;PTO00000005100;;;;;;;;;;;;;;;;;
PTO00050737001;;;CT-2568-6551;50737001;0;PTO00050737001;PSIT0000000125;GSIT0000000140;CST;REC;2021-03-23 00-00-00;S;DTI1;PTO;PTO00000005100;;;;;;;;;;;;;;;;;
PTO00000363231;;;CT-2568-7013;363231;0;PTO00000363231;PSIT0000000125;GSIT0000000140;CST;REC;2023-04-12 00-00-00;S;DTI1;PTO;PTO00000005100;;;;;;;;;;;;;;;;;
PTO00002845621;;;CT-2568-9235;2845621;0;PTO00002845621;PSIT0000000125;GSIT0000000140;CST;REC;2020-06-12 00-00-00;S;DTI1;PTO;PTO00000005100;;;;;;;;;;;;;;;;;
PTO00081919031;;;WI-B180-5079;81919031;0;PTO00081919031;PSIT0000000125;GSIT0000000140;CST;REC;2023-10-31 00-00-00;S;DTI1;PTO;PTO00000005100;;;;;;;;;;;;;;;;;
PTO00002845661;;;CT-2568-6276;2845661;0;PTO00002845661;PSIT0000000125;GSIT0000000140;CST;REC;2020-08-19 00-00-00;S;DTI1;PTO;PTO00000005100;;;;;;;;;;;;;;;;;
PTO00002690281;;;CT-2568-6287;2690281;1;PTO00002690281;PSIT0000000125;GSIT0000000140;CST;MCO;2022-09-09 00-00-00;E;DTI1;PTO;PTO00000005100;;;;;;;;;;;;;;;;;
PTO00039368931;;;CT-2568-7101;39368931;0;PTO00039368931;PSIT0000000125;GSIT0000000140;CST;REC;2020-12-12 00-00-00;S;DTI1;PTO;PTO00000005100;;;;;;;;;;;;;;;;;
PTO00049390161;;;CT-2568-7299;49390161;0;PTO00049390161;PSIT0000000125;GSIT0000000140;CST;REC;2021-11-23 00-00-00;S;DTI1;PTO;PTO00000005100;;;;;;;;;;;;;;;;;
PTO00044259861;;;CT-2568-5418;44259861;1;PTO00044259861;PSIT0000000125;GSIT0000000140;CST;MCO;2020-10-23 00-00-00;E;DTI1;PTO;PTO00000005100;;;;;;;;;;;;;;;;;
PTO00044267321;;;CT-2568-5429;44267321;0;PTO00044267321;PSIT0000000125;GSIT0000000140;CST;REC;2020-09-26 00-00-00;S;DTI1;PTO;PTO00000005100;;;;;;;;;;;;;;;;;
PTO00034391721;;;CT-2568-6144;34391721;0;PTO00034391721;PSIT0000000125;GSIT0000000140;CST;REC;2020-06-05 00-00-00;S;DTI1;PTO;PTO00000005100;;;;;;;;;;;;;;;;;
PTO00047946921;;;CT-2568-5957;47946921;0;PTO00047946921;PSIT0000000125;GSIT0000000140;CST;REC;2022-04-06 00-00-00;S;DTI1;PTO;PTO00000005100;;;;;;;;;;;;;;;;;
PTO00044311891;;;CT-2568-7849;44311891;0;PTO00044311891;PSIT0000000125;GSIT0000000140;CST;REC;2021-09-22 00-00-00;S;DTI1;PTO;PTO00000005100;;;;;;;;;;;;;;;;;
PTO00023312481;;;CT-2568-6705;23312481;0;PTO00023312481;PSIT0000000125;GSIT0000000140;CST;REC;2021-09-16 00-00-00;S;DTI1;PTO;PTO00000005100;;;;;;;;;;;;;;;;;
PTO00000255101;;;CT-2568-6199;255101;1;PTO00000255101;PSIT0000000125;GSIT0000000140;CST;MCO;2022-10-01 00-00-00;E;DTI1;PTO;PTO00000005100;;;;;;;;;;;;;;;;;
PTO00098973781;;;WI-B226-4549;98973781;1;PTO00098973781;PSIT0000000125;GSIT0000000140;CST;MCO;2024-11-26 00-00-00;E;DTI1;PTO;PTO00000005100;;;;;;;;;;;;;;;;;
PTO00043302371;;;CT-2568-6375;43302371;0;PTO00043302371;PSIT0000000125;GSIT0000000140;CST;REC;2022-06-09 00-00-00;S;DTI1;PTO;PTO00000005100;;;;;;;;;;;;;;;;;
PTO00087627821;;;WI-B188-5467;87627821;0;PTO00087627821;PSIT0000000125;GSIT0000000140;CST;REC;2023-11-17 00-00-00;S;DTI1;PTO;PTO00000005100;;;;;;;;;;;;;;;;;
PTO00043350541;;;CT-2568-5572;43350541;0;PTO00043350541;PSIT0000000125;GSIT0000000140;CST;REC;2022-10-17 00-00-00;S;DTI1;PTO;PTO00000005100;;;;;;;;;;;;;;;;;
PTO00047662961;;;CT-2568-8003;47662961;0;PTO00047662961;PSIT0000000125;GSIT0000000140;CST;REC;2020-12-22 00-00-00;S;DTI1;PTO;PTO00000005100;;;;;;;;;;;;;;;;;
PTO00047591891;;;CT-2568-8069;47591891;0;PTO00047591891;PSIT0000000125;GSIT0000000140;CST;REC;2021-12-15 00-00-00;S;DTI1;PTO;PTO00000005100;;;;;;;;;;;;;;;;;
PTO00048216651;;;CT-2568-5913;48216651;0;PTO00048216651;PSIT0000000125;GSIT0000000140;CST;REC;2020-12-10 00-00-00;S;DTI1;PTO;PTO00000005100;;;;;;;;;;;;;;;;;
PTO00092308711;;;WI-B202-7070;92308711;0;PTO00092308711;PSIT0000000125;GSIT0000000140;CST;REC;2024-04-06 00-00-00;S;DTI1;PTO;PTO00000005100;;;;;;;;;;;;;;;;;
PTO00035980631;;;CT-2568-5605;35980631;0;PTO00035980631;PSIT0000000125;GSIT0000000140;CST;REC;2020-06-19 00-00-00;S;DTI1;PTO;PTO00000005100;;;;;;;;;;;;;;;;;
PTO00032916761;;;CT-2568-5825;32916761;0;PTO00032916761;PSIT0000000125;GSIT0000000140;CST;REC;2020-09-04 00-00-00;S;DTI1;PTO;PTO00000005100;;;;;;;;;;;;;;;;;
PTO00036107921;;;CT-2568-8806;36107921;0;PTO00036107921;PSIT0000000125;GSIT0000000140;CST;REC;2021-01-05 00-00-00;S;DTI1;PTO;PTO00000005100;;;;;;;;;;;;;;;;;
PTO00043319741;;;CT-2568-7794;43319741;0;PTO00043319741;PSIT0000000125;GSIT0000000140;CST;REC;2020-10-19 00-00-00;S;DTI1;PTO;PTO00000005100;;;;;;;;;;;;;;;;;
PTO00093658691;;;WI-B176-6139;93658691;0;PTO00093658691;PSIT0000000125;GSIT0000000140;CST;REC;2024-05-22 00-00-00;S;DTI1;PTO;PTO00000005100;;;;;;;;;;;;;;;;;
PTO00043304161;;;CT-4857-2546;43304161;0;PTO00043304161;PSIT0000000125;GSIT0000000140;CST;REC;2022-01-18 00-00-00;S;DTI1;PTO;PTO00000005100;;;;;;;;;;;;;;;;;
PTO00014628921;;;CT-2568-6056;14628921;0;PTO00014628921;PSIT0000000125;GSIT0000000140;CST;REC;2021-01-11 00-00-00;S;DTI1;PTO;PTO00000005100;;;;;;;;;;;;;;;;;
PTO00010649171;;;CT-2568-8872;10649171;0;PTO00010649171;PSIT0000000125;GSIT0000000140;CST;REC;2021-05-26 00-00-00;S;DTI1;PTO;PTO00000005100;;;;;;;;;;;;;;;;;
PTO00050820501;;;CT-2568-6540;50820501;0;PTO00050820501;PSIT0000000125;GSIT0000000140;CST;REC;2021-01-22 00-00-00;S;DTI1;PTO;PTO00000005100;;;;;;;;;;;;;;;;;
PTO00012701961;;;CT-2568-9345;12701961;0;PTO00012701961;PSIT0000000125;GSIT0000000140;CST;REC;2022-06-09 00-00-00;S;DTI1;PTO;PTO00000005100;;;;;;;;;;;;;;;;;
PTO00045714731;;;CT-2568-8410;45714731;0;PTO00045714731;PSIT0000000125;GSIT0000000140;CST;REC;2023-08-10 00-00-00;S;DTI1;PTO;PTO00000005100;;;;;;;;;;;;;;;;;
PTO00046263791;;;CT-2568-7904;46263791;0;PTO00046263791;PSIT0000000125;GSIT0000000140;CST;REC;2021-02-06 00-00-00;S;DTI1;PTO;PTO00000005100;;;;;;;;;;;;;;;;;
PTO00041014421;;;CT-2568-8014;41014421;0;PTO00041014421;PSIT0000000125;GSIT0000000140;CST;REC;2021-04-29 00-00-00;S;DTI1;PTO;PTO00000005100;;;;;;;;;;;;;;;;;
PTO00015070451;;;CT-2568-6529;15070451;1;PTO00015070451;PSIT0000000125;GSIT0000000140;CST;MCO;2023-03-17 00-00-00;E;DTI1;PTO;PTO00000005100;;;;;;;;;;;;;;;;;
PTO00000357131;;;CT-2568-8355;357131;1;PTO00000357131;PSIT0000000125;GSIT0000000140;CST;MCO;2023-07-13 00-00-00;E;DTI1;PTO;PTO00000005100;;;;;;;;;;;;;;;;;
PTO00036200891;;;CT-2568-5759;36200891;0;PTO00036200891;PSIT0000000125;GSIT0000000140;CST;REC;2020-06-20 00-00-00;S;DTI1;PTO;PTO00000005100;;;;;;;;;;;;;;;;;
PTO00034261061;;;CT-2568-5803;34261061;1;PTO00034261061;PSIT0000000125;GSIT0000000140;CST;MCO;2020-08-11 00-00-00;E;DTI1;PTO;PTO00000005100;;;;;;;;;;;;;;;;;
PTO00034276891;;;CT-2568-5869;34276891;0;PTO00034276891;PSIT0000000125;GSIT0000000140;CST;REC;2021-08-04 00-00-00;S;DTI1;PTO;PTO00000005100;;;;;;;;;;;;;;;;;
PTO00000275671;;;CT-2568-6243;275671;0;PTO00000275671;PSIT0000000125;GSIT0000000140;CST;REC;2023-05-06 00-00-00;S;DTI1;PTO;PTO00000005100;;;;;;;;;;;;;;;;;
PTO00002718761;;;CT-2568-6254;2718761;0;PTO00002718761;PSIT0000000125;GSIT0000000140;CST;REC;2020-07-16 00-00-00;S;DTI1;PTO;PTO00000005100;;;;;;;;;;;;;;;;;
PTO00032965411;;;CT-2568-6606;32965411;0;PTO00032965411;PSIT0000000125;GSIT0000000140;CST;REC;2021-03-25 00-00-00;S;DTI1;PTO;PTO00000005100;;;;;;;;;;;;;;;;;
PTO00044271571;;;CT-2568-5396;44271571;0;PTO00044271571;PSIT0000000125;GSIT0000000140;CST;REC;2020-09-15 00-00-00;S;DTI1;PTO;PTO00000005100;;;;;;;;;;;;;;;;;
PTO00047928871;;;CT-2568-6001;47928871;1;PTO00047928871;PSIT0000000125;GSIT0000000140;CST;MCO;2022-12-15 00-00-00;E;DTI1;PTO;PTO00000005100;;;;;;;;;;;;;;;;;
PTO00044264761;;;CT-2568-7838;44264761;0;PTO00044264761;PSIT0000000125;GSIT0000000140;CST;REC;2020-10-27 00-00-00;S;DTI1;PTO;PTO00000005100;;;;;;;;;;;;;;;;;
PTO00067808191;;;WI-6008-8952;67808191;0;PTO00067808191;PSIT0000000125;GSIT0000000140;CST;REC;2023-07-05 00-00-00;S;DTI1;PTO;PTO00000005100;;;;;;;;;;;;;;;;;
PTO00049296501;;;CT-2568-5528;49296501;1;PTO00049296501;PSIT0000000125;GSIT0000000140;CST;MCO;2020-10-21 00-00-00;E;DTI1;PTO;PTO00000005100;;;;;;;;;;;;;;;;;
PTO00016345821;;;CT-2568-6309;16345821;0;PTO00016345821;PSIT0000000125;GSIT0000000140;CST;REC;2021-04-22 00-00-00;S;DTI1;PTO;PTO00000005100;;;;;;;;;;;;;;;;;
PTO00000290411;;;CT-2568-6221;290411;0;PTO00000290411;PSIT0000000125;GSIT0000000140;CST;REC;2023-01-09 00-00-00;S;DTI1;PTO;PTO00000005100;;;;;;;;;;;;;;;;;
PTO00000475371;;;CT-2568-7629;475371;1;PTO00000475371;PSIT0000000125;GSIT0000000140;CST;MCO;2021-10-30 00-00-00;E;DTI1;PTO;PTO00000005100;;;;;;;;;;;;;;;;;
PTO00048334871;;;CT-2568-8751;48334871;0;PTO00048334871;PSIT0000000125;GSIT0000000140;CST;REC;2020-10-02 00-00-00;S;DTI1;PTO;PTO00000005100;;;;;;;;;;;;;;;;;
PTO00098797481;;;WI-B225-7223;98797481;0;PTO00098797481;PSIT0000000125;GSIT0000000140;CST;REC;2024-12-19 00-00-00;S;DTI1;PTO;PTO00000005100;;;;;;;;;;;;;;;;;
PTO00019668591;;;CT-2568-7486;19668591;0;PTO00019668591;PSIT0000000125;GSIT0000000140;CST;REC;2021-01-26 00-00-00;S;DTI1;PTO;PTO00000005100;;;;;;;;;;;;;;;;;
PTO00009110631;;;CT-2568-8916;9110631;0;PTO00009110631;PSIT0000000125;GSIT0000000140;CST;REC;2022-04-14 00-00-00;S;DTI1;PTO;PTO00000005100;;;;;;;;;;;;;;;;;
PTO00041868321;;;CT-2568-7079;41868321;1;PTO00041868321;PSIT0000000125;GSIT0000000140;CST;MCO;2023-01-19 00-00-00;E;DTI1;PTO;PTO00000005100;;;;;;;;;;;;;;;;;
PTO00047672811;;;CT-2568-8047;47672811;0;PTO00047672811;PSIT0000000125;GSIT0000000140;CST;REC;2021-02-27 00-00-00;S;DTI1;PTO;PTO00000005100;;;;;;;;;;;;;;;;;
PTO00047601611;;;CT-2568-8025;47601611;0;PTO00047601611;PSIT0000000125;GSIT0000000140;CST;REC;2020-12-17 00-00-00;S;DTI1;PTO;PTO00000005100;;;;;;;;;;;;;;;;;
PTO00037530831;;;CT-2568-6584;37530831;0;PTO00037530831;PSIT0000000125;GSIT0000000140;CST;REC;2020-11-06 00-00-00;S;DTI1;PTO;PTO00000005100;;;;;;;;;;;;;;;;;
PTO00037543281;;;CT-2568-6661;37543281;0;PTO00037543281;PSIT0000000125;GSIT0000000140;CST;REC;2022-10-07 00-00-00;S;DTI1;PTO;PTO00000005100;;;;;;;;;;;;;;;;;
PTO00037530741;;;CT-2568-6617;37530741;0;PTO00037530741;PSIT0000000125;GSIT0000000140;CST;REC;2021-12-07 00-00-00;S;DTI1;PTO;PTO00000005100;;;;;;;;;;;;;;;;;
PTO00087528881;;;WI-B188-1661;87528881;0;PTO00087528881;PSIT0000000125;GSIT0000000140;CST;REC;2023-11-08 00-00-00;S;DTI1;PTO;PTO00000005100;;;;;;;;;;;;;;;;;
PTO00087311521;;;WI-B187-1607;87311521;0;PTO00087311521;PSIT0000000125;GSIT0000000140;CST;REC;2023-11-08 00-00-00;S;DTI1;PTO;PTO00000005100;;;;;;;;;;;;;;;;;
PTO00032849671;;;CT-2568-5858;32849671;0;PTO00032849671;PSIT0000000125;GSIT0000000140;CST;REC;2021-02-05 00-00-00;S;DTI1;PTO;PTO00000005100;;;;;;;;;;;;;;;;;
PTO00043396281;;;CT-2568-9015;43396281;0;PTO00043396281;PSIT0000000125;GSIT0000000140;CST;REC;2023-05-30 00-00-00;S;DTI1;PTO;PTO00000005100;;;;;;;;;;;;;;;;;
PTO00043377121;;;CT-2568-7805;43377121;0;PTO00043377121;PSIT0000000125;GSIT0000000140;CST;REC;2022-03-09 00-00-00;S;DTI1;PTO;PTO00000005100;;;;;;;;;;;;;;;;;
PTO00089026941;;;WI-B192-8521;89026941;0;PTO00089026941;PSIT0000000125;GSIT0000000140;CST;REC;2023-12-20 00-00-00;S;DTI1;PTO;PTO00000005100;;;;;;;;;;;;;;;;;
PTO00000290141;;;CT-2568-6870;290141;1;PTO00000290141;PSIT0000000125;GSIT0000000140;CST;MCO;2021-04-09 00-00-00;E;DTI1;PTO;PTO00000005100;;;;;;;;;;;;;;;;;
PTO00000462171;;;CT-2568-6892;462171;0;PTO00000462171;PSIT0000000125;GSIT0000000140;CST;REC;2021-09-10 00-00-00;S;DTI1;PTO;PTO00000005100;;;;;;;;;;;;;;;;;
PTO00051355101;;;CT-2568-8201;51355101;0;PTO00051355101;PSIT0000000125;GSIT0000000140;CST;REC;2022-12-17 00-00-00;S;DTI1;PTO;PTO00000005100;;;;;;;;;;;;;;;;;
PTO00048322231;;;CT-2568-8586;48322231;0;PTO00048322231;PSIT0000000125;GSIT0000000140;CST;REC;2022-07-20 00-00-00;S;DTI1;PTO;PTO00000005100;;;;;;;;;;;;;;;;;
PTO00048440741;;;CT-2568-8542;48440741;1;PTO00048440741;PSIT0000000125;GSIT0000000140;CST;MCO;2021-02-10 00-00-00;E;DTI1;PTO;PTO00000005100;;;;;;;;;;;;;;;;;
PTO00041005831;;;CT-2568-7992;41005831;0;PTO00041005831;PSIT0000000125;GSIT0000000140;CST;REC;2021-04-29 00-00-00;S;DTI1;PTO;PTO00000005100;;;;;;;;;;;;;;;;;
PTO00035964881;;;CT-2568-5781;35964881;0;PTO00035964881;PSIT0000000125;GSIT0000000140;CST;REC;2021-11-13 00-00-00;S;DTI1;PTO;PTO00000005100;;;;;;;;;;;;;;;;;
PTO00034302701;;;CT-2568-5847;34302701;0;PTO00034302701;PSIT0000000125;GSIT0000000140;CST;REC;2020-12-29 00-00-00;S;DTI1;PTO;PTO00000005100;;;;;;;;;;;;;;;;;
PTO00002722861;;;CT-2568-6265;2722861;0;PTO00002722861;PSIT0000000125;GSIT0000000140;CST;REC;2020-07-18 00-00-00;S;DTI1;PTO;PTO00000005100;;;;;;;;;;;;;;;;;
PTO00034237181;;;CT-2568-6463;34237181;0;PTO00034237181;PSIT0000000125;GSIT0000000140;CST;REC;2022-08-03 00-00-00;S;DTI1;PTO;PTO00000005100;;;;;;;;;;;;;;;;;
PTO00044269691;;;CT-2568-7882;44269691;0;PTO00044269691;PSIT0000000125;GSIT0000000140;CST;REC;2023-05-06 00-00-00;S;DTI1;PTO;PTO00000005100;;;;;;;;;;;;;;;;;
PTO00012359461;;;CT-2568-7167;12359461;0;PTO00012359461;PSIT0000000125;GSIT0000000140;CST;REC;2021-08-10 00-00-00;S;DTI1;PTO;PTO00000005100;;;;;;;;;;;;;;;;;
PTO00033192071;;;WI-8189-6210;33192071;0;PTO00033192071;PSIT0000000125;GSIT0000000140;CST;REC;2022-06-22 00-00-00;S;DTI1;PTO;PTO00000005100;;;;;;;;;;;;;;;;;
PTO00000480241;;;CT-2568-7024;480241;1;PTO00000480241;PSIT0000000125;GSIT0000000140;CST;MCO;2022-09-07 00-00-00;E;DTI1;PTO;PTO00000005100;;;;;;;;;;;;;;;;;
PTO00000308031;;;CT-2568-7002;308031;0;PTO00000308031;PSIT0000000125;GSIT0000000140;CST;REC;2023-04-05 00-00-00;S;DTI1;PTO;PTO00000005100;;;;;;;;;;;;;;;;;
PTO00043377221;;;CT-2568-5297;43377221;1;PTO00043377221;PSIT0000000125;GSIT0000000140;CST;MCO;2020-10-12 00-00-00;E;DTI1;PTO;PTO00000005100;;;;;;;;;;;;;;;;;
PTO00043325331;;;CT-2568-5275;43325331;0;PTO00043325331;PSIT0000000125;GSIT0000000140;CST;REC;2020-09-24 00-00-00;S;DTI1;PTO;PTO00000005100;;;;;;;;;;;;;;;;;
PTO00043310261;;;CT-2568-5319;43310261;1;PTO00043310261;PSIT0000000125;GSIT0000000140;CST;MCO;2022-12-13 00-00-00;E;DTI1;PTO;PTO00000005100;;;;;;;;;;;;;;;;;
PTO00004750861;;;CT-2568-5704;4750861;1;PTO00004750861;PSIT0000000125;GSIT0000000140;CST;MCO;2020-07-20 00-00-00;E;DTI1;PTO;PTO00000005100;;;;;;;;;;;;;;;;;
PTO00033071931;;;CT-2568-5880;33071931;0;PTO00033071931;PSIT0000000125;GSIT0000000140;CST;REC;2020-12-22 00-00-00;S;DTI1;PTO;PTO00000005100;;;;;;;;;;;;;;;;;
PTO00036023881;;;CT-2568-8839;36023881;0;PTO00036023881;PSIT0000000125;GSIT0000000140;CST;REC;2021-01-05 00-00-00;S;DTI1;PTO;PTO00000005100;;;;;;;;;;;;;;;;;
PTO00051156341;;;CT-2568-6408;51156341;0;PTO00051156341;PSIT0000000125;GSIT0000000140;CST;REC;2020-09-25 00-00-00;S;DTI1;PTO;PTO00000005100;;;;;;;;;;;;;;;;;
PTO00043296871;;;CT-2568-7783;43296871;0;PTO00043296871;PSIT0000000125;GSIT0000000140;CST;REC;2020-10-15 00-00-00;S;DTI1;PTO;PTO00000005100;;;;;;;;;;;;;;;;;
PTO00069012741;;;WI-B174-5921;69012741;0;PTO00069012741;PSIT0000000125;GSIT0000000140;CST;REC;2023-07-13 00-00-00;S;DTI1;PTO;PTO00000005100;;;;;;;;;;;;;;;;;
PTO00000242601;;;CT-2568-8212;242601;0;PTO00000242601;PSIT0000000125;GSIT0000000140;CST;REC;2023-03-10 00-00-00;S;DTI1;PTO;PTO00000005100;;;;;;;;;;;;;;;;;
PTO00014985191;;;CT-2568-6012;14985191;0;PTO00014985191;PSIT0000000125;GSIT0000000140;CST;REC;2020-06-10 00-00-00;S;DTI1;PTO;PTO00000005100;;;;;;;;;;;;;;;;;
PTO00089668461;;;WI-B195-0411;89668461;0;PTO00089668461;PSIT0000000125;GSIT0000000140;CST;REC;2024-02-06 00-00-00;S;DTI1;PTO;PTO00000005100;;;;;;;;;;;;;;;;;
PTO00048423501;;;CT-2568-8564;48423501;0;PTO00048423501;PSIT0000000125;GSIT0000000140;CST;REC;2022-07-06 00-00-00;S;DTI1;PTO;PTO00000005100;;;;;;;;;;;;;;;;;
PTO00046263881;;;CT-2568-7915;46263881;0;PTO00046263881;PSIT0000000125;GSIT0000000140;CST;REC;2022-03-10 00-00-00;S;DTI1;PTO;PTO00000005100;;;;;;;;;;;;;;;;;
PTO00043319641;;;CT-2568-5539;43319641;0;PTO00043319641;PSIT0000000125;GSIT0000000140;CST;REC;2020-07-08 00-00-00;S;DTI1;PTO;PTO00000005100;;;;;;;;;;;;;;;;;
PTO00002845811;;;CT-2568-9268;2845811;0;PTO00002845811;PSIT0000000125;GSIT0000000140;CST;REC;2022-01-29 00-00-00;S;DTI1;PTO;PTO00000005100;;;;;;;;;;;;;;;;;
PTO00050292061;;;CT-2568-6837;50292061;0;PTO00050292061;PSIT0000000125;GSIT0000000140;CST;REC;2021-12-21 00-00-00;S;DTI1;PTO;PTO00000005100;;;;;;;;;;;;;;;;;
PTO00005797511;;;CT-2568-8234;5797511;0;PTO00005797511;PSIT0000000125;GSIT0000000140;CST;REC;2021-08-17 00-00-00;S;DTI1;PTO;PTO00000005100;;;;;;;;;;;;;;;;;
PTO00034302861;;;CT-2568-5814;34302861;0;PTO00034302861;PSIT0000000125;GSIT0000000140;CST;REC;2020-07-08 00-00-00;S;DTI1;PTO;PTO00000005100;;;;;;;;;;;;;;;;;
PTO00039187001;;;CT-2568-7134;39187001;0;PTO00039187001;PSIT0000000125;GSIT0000000140;CST;REC;2021-11-13 00-00-00;S;DTI1;PTO;PTO00000005100;;;;;;;;;;;;;;;;;
PTO00049362961;;;CT-2568-5374;49362961;1;PTO00049362961;PSIT0000000125;GSIT0000000140;CST;MCO;2022-07-14 00-00-00;E;DTI1;PTO;PTO00000005100;;;;;;;;;;;;;;;;;
PTO00098603311;;;WI-B224-9479;98603311;0;PTO00098603311;PSIT0000000125;GSIT0000000140;CST;REC;2020-06-19 00-00-00;S;DTI1;PTO;PTO00000005100;;;;;;;;;;;;;;;;;
PTO00094495591;;;WI-B210-6754;94495591;0;PTO00094495591;PSIT0000000125;GSIT0000000140;CST;REC;2024-06-13 00-00-00;S;DTI1;PTO;PTO00000005100;;;;;;;;;;;;;;;;;
PTO00047949551;;;CT-2568-5968;47949551;0;PTO00047949551;PSIT0000000125;GSIT0000000140;CST;REC;2020-08-05 00-00-00;S;DTI1;PTO;PTO00000005100;;;;;;;;;;;;;;;;;
PTO00051202281;;;CT-2568-7211;51202281;1;PTO00051202281;PSIT0000000125;GSIT0000000140;CST;MCO;2021-04-28 00-00-00;E;DTI1;PTO;PTO00000005100;;;;;;;;;;;;;;;;;
PTO00000308271;;;CT-2568-6177;308271;0;PTO00000308271;PSIT0000000125;GSIT0000000140;CST;REC;2021-02-22 00-00-00;S;DTI1;PTO;PTO00000005100;;;;;;;;;;;;;;;;;
PTO00000406431;;;CT-2568-7651;406431;0;PTO00000406431;PSIT0000000125;GSIT0000000140;CST;REC;2022-05-31 00-00-00;S;DTI1;PTO;PTO00000005100;;;;;;;;;;;;;;;;;
PTO00019638611;;;CT-2568-7475;19638611;1;PTO00019638611;PSIT0000000125;GSIT0000000140;CST;MCO;2020-08-20 00-00-00;E;DTI1;PTO;PTO00000005100;;;;;;;;;;;;;;;;;
PTO00041943851;;;CT-2568-7046;41943851;1;PTO00041943851;PSIT0000000125;GSIT0000000140;CST;MCO;2020-12-12 00-00-00;E;DTI1;PTO;PTO00000005100;;;;;;;;;;;;;;;;;
PTO00046557901;;;CT-2568-7442;46557901;0;PTO00046557901;PSIT0000000125;GSIT0000000140;CST;REC;2022-05-30 00-00-00;S;DTI1;PTO;PTO00000005100;;;;;;;;;;;;;;;;;
PTO00047657681;;;CT-2568-8080;47657681;0;PTO00047657681;PSIT0000000125;GSIT0000000140;CST;REC;2022-04-16 00-00-00;S;DTI1;PTO;PTO00000005100;;;;;;;;;;;;;;;;;
PTO00048250201;;;CT-2568-5924;48250201;0;PTO00048250201;PSIT0000000125;GSIT0000000140;CST;REC;2022-04-30 00-00-00;S;DTI1;PTO;PTO00000005100;;;;;;;;;;;;;;;;;
PTO00049280251;;;CT-2568-6111;49280251;1;PTO00049280251;PSIT0000000125;GSIT0000000140;CST;MCO;2020-07-08 00-00-00;E;DTI1;PTO;PTO00000005100;;;;;;;;;;;;;;;;;
PTO00083418951;;;WI-B184-7286;83418951;0;PTO00083418951;PSIT0000000125;GSIT0000000140;CST;REC;2023-09-22 00-00-00;S;DTI1;PTO;PTO00000005100;;;;;;;;;;;;;;;;;
PTO00036200831;;;CT-2568-5627;36200831;0;PTO00036200831;PSIT0000000125;GSIT0000000140;CST;REC;2020-07-03 00-00-00;S;DTI1;PTO;PTO00000005100;;;;;;;;;;;;;;;;;
PTO00042244731;;;CT-2568-7948;42244731;0;PTO00042244731;PSIT0000000125;GSIT0000000140;CST;REC;2022-05-11 00-00-00;S;DTI1;PTO;PTO00000005100;;;;;;;;;;;;;;;;;
PTO00052081471;;;CT-2568-9059;52081471;0;PTO00052081471;PSIT0000000125;GSIT0000000140;CST;REC;2023-01-05 00-00-00;S;DTI1;PTO;PTO00000005100;;;;;;;;;;;;;;;;;
PTO00051226501;;;CT-2568-6397;51226501;0;PTO00051226501;PSIT0000000125;GSIT0000000140;CST;REC;2020-09-04 00-00-00;S;DTI1;PTO;PTO00000005100;;;;;;;;;;;;;;;;;
PTO00014646641;;;CT-2568-6067;14646641;1;PTO00014646641;PSIT0000000125;GSIT0000000140;CST;MCO;2022-05-11 00-00-00;E;DTI1;PTO;PTO00000005100;;;;;;;;;;;;;;;;;
PTO00014869851;;;CT-2568-6034;14869851;0;PTO00014869851;PSIT0000000125;GSIT0000000140;CST;REC;2020-07-30 00-00-00;S;DTI1;PTO;PTO00000005100;;;;;;;;;;;;;;;;;
PTO00010745351;;;CT-2568-8894;10745351;0;PTO00010745351;PSIT0000000125;GSIT0000000140;CST;REC;2021-12-02 00-00-00;S;DTI1;PTO;PTO00000005100;;;;;;;;;;;;;;;;;
PTO00034170101;;;CT-7140-0010;34170101;0;PTO00034170101;PSIT0000000125;GSIT0000000140;CST;REC;2022-01-11 00-00-00;S;DTI1;PTO;PTO00000005100;;;;;;;;;;;;;;;;;
PTO00083751081;;;WI-B185-7318;83751081;0;PTO00083751081;PSIT0000000125;GSIT0000000140;CST;REC;2023-10-27 00-00-00;S;DTI1;PTO;PTO00000005100;;;;;;;;;;;;;;;;;
PTO00095886201;;;WI-B214-8290;95886201;0;PTO00095886201;PSIT0000000125;GSIT0000000140;CST;REC;2024-08-17 00-00-00;S;DTI1;PTO;PTO00000005100;;;;;;;;;;;;;;;;;
PTO00094627691;;;WI-B211-0230;94627691;0;PTO00094627691;PSIT0000000125;GSIT0000000140;CST;REC;2024-06-18 00-00-00;S;DTI1;PTO;PTO00000005100;;;;;;;;;;;;;;;;;
PTO00002690431;;;CT-2568-9246;2690431;0;PTO00002690431;PSIT0000000125;GSIT0000000140;CST;REC;2020-09-18 00-00-00;S;DTI1;PTO;PTO00000005100;;;;;;;;;;;;;;;;;
PTO00092668191;;;WI-B203-7520;92668191;0;PTO00092668191;PSIT0000000125;GSIT0000000140;CST;REC;2024-04-17 00-00-00;S;DTI1;PTO;PTO00000005100;;;;;;;;;;;;;;;;;
PTO00000245611;;;CT-2568-8267;245611;0;PTO00000245611;PSIT0000000125;GSIT0000000140;CST;REC;2021-10-19 00-00-00;S;DTI1;PTO;PTO00000005100;;;;;;;;;;;;;;;;;
PTO00000294851;;;CT-2568-8278;294851;1;PTO00000294851;PSIT0000000125;GSIT0000000140;CST;MCO;2021-11-12 00-00-00;E;DTI1;PTO;PTO00000005100;;;;;;;;;;;;;;;;;
PTO00000317091;;;CT-2568-8311;317091;1;PTO00000317091;PSIT0000000125;GSIT0000000140;CST;MCO;2022-07-18 00-00-00;E;DTI1;PTO;PTO00000005100;;;;;;;;;;;;;;;;;
PTO00039230751;;;CT-2568-7090;39230751;1;PTO00039230751;PSIT0000000125;GSIT0000000140;CST;MCO;2020-12-08 00-00-00;E;DTI1;PTO;PTO00000005100;;;;;;;;;;;;;;;;;
PTO00092510931;;;WI-B203-2691;92510931;1;PTO00092510931;PSIT0000000125;GSIT0000000140;CST;MCO;2024-04-05 00-00-00;E;DTI1;PTO;PTO00000005100;;;;;;;;;;;;;;;;;
PTO00032971401;;;CT-2568-6639;32971401;0;PTO00032971401;PSIT0000000125;GSIT0000000140;CST;REC;2021-11-16 00-00-00;S;DTI1;PTO;PTO00000005100;;;;;;;;;;;;;;;;;
PTO00049362571;;;CT-2568-5352;49362571;0;PTO00049362571;PSIT0000000125;GSIT0000000140;CST;REC;2021-05-18 00-00-00;S;DTI1;PTO;PTO00000005100;;;;;;;;;;;;;;;;;
PTO00010754161;;;CT-2568-8421;10754161;1;PTO00010754161;PSIT0000000125;GSIT0000000140;CST;MCO;2021-02-27 00-00-00;E;DTI1;PTO;PTO00000005100;;;;;;;;;;;;;;;;;
PTO00088507581;;;WI-B191-3462;88507581;0;PTO00088507581;PSIT0000000125;GSIT0000000140;CST;REC;2023-12-07 00-00-00;S;DTI1;PTO;PTO00000005100;;;;;;;;;;;;;;;;;
PTO00033122201;;;CT-2568-6650;33122201;1;PTO00033122201;PSIT0000000125;GSIT0000000140;CST;MCO;2022-09-05 00-00-00;E;DTI1;PTO;PTO00000005100;;;;;;;;;;;;;;;;;
PTO00034545091;;;CT-2568-6155;34545091;0;PTO00034545091;PSIT0000000125;GSIT0000000140;CST;REC;2020-06-16 00-00-00;S;DTI1;PTO;PTO00000005100;;;;;;;;;;;;;;;;;
BL000008075052;SU000005304641;;PBO-SRO-BPI-11365657-056;8075052;0;;PSIT0000000125;GSIT0000000140;CST;REC;2019-11-01 17-15-55;E;B048;PBO;BL000000004822;;;;;;;;;;;;;;;;;
BL000008075056;SU000000880004;;PBO-SRO-BPI-11365657-060;8075056;0;;PSIT0000000125;GSIT0000000140;CST;REC;2019-11-01 17-16-09;E;B048;PBO;BL000000004822;;;;;;;;;;;;;;;;;
BL000008075669;CH000004318065;;PBO-SRO-BPI-11365657-020;8075669;0;;PSIT0000000125;GSIT0000000140;CST;REC;2019-11-01 17-15-04;E;B048;PBO;BL000000004824;;;;;;;;;;;;;;;;;
BL000008075348;CH000004311682;;PBO-SRO-BPI-11365657-009;8075348;0;;PSIT0000000125;GSIT0000000140;CST;REC;2019-11-01 17-14-34;E;B048;PBO;BL000000004824;;;;;;;;;;;;;;;;;
BL000008075671;CH000004321266;;PBO-SRO-BPI-11365657-022;8075671;0;;PSIT0000000125;GSIT0000000140;CST;REC;2019-11-01 17-15-10;E;B048;PBO;BL000000004824;;;;;;;;;;;;;;;;;
BL000008075681;SU000000871044;;PBO-SRO-BPI-11365657-037;8075681;0;;PSIT0000000125;GSIT0000000140;CST;REC;2019-11-01 17-15-22;E;B048;PBO;BL000000004822;;;;;;;;;;;;;;;;;
BL000008074735;CH000004315842;;PBO-SRO-BPI-11365657-006;8074735;0;;PSIT0000000125;GSIT0000000140;CST;REC;2019-11-01 17-14-38;E;B048;PBO;BL000000004824;;;;;;;;;;;;;;;;;
BL000008075700;CH000004319995;;PBO-SRO-BPI-11365657-033;8075700;0;;PSIT0000000125;GSIT0000000140;CST;REC;2019-11-01 17-15-32;E;B048;PBO;BL000000004824;;;;;;;;;;;;;;;;;
BL000008075357;SU000005302725;;PBO-SRO-BPI-11365657-026;8075357;0;;PSIT0000000125;GSIT0000000140;CST;REC;2019-11-01 17-15-11;E;B048;PBO;BL000000004822;;;;;;;;;;;;;;;;;
BL000008075040;CH000004313275;;PBO-SRO-BPI-11365657-002;8075040;0;;PSIT0000000125;GSIT0000000140;CST;REC;2019-11-01 17-14-24;E;B048;PBO;BL000000004824;;;;;;;;;;;;;;;;;
BL000008075684;CH000004321599;;PBO-SRO-BPI-11365657-040;8075684;0;;PSIT0000000125;GSIT0000000140;CST;REC;2019-11-01 17-15-31;E;B048;PBO;BL000000004824;;;;;;;;;;;;;;;;;
BL000008075053;CH000004321593;;PBO-SRO-BPI-11365657-057;8075053;0;;PSIT0000000125;GSIT0000000140;CST;REC;2019-11-01 17-15-59;E;B048;PBO;BL000000004824;;;;;;;;;;;;;;;;;
BL000008075673;HU000013076754;;PBO-SRO-BPI-11365657-066;8075673;0;;PSIT0000000125;GSIT0000000140;CST;REC;2019-11-01 00-00-00;E;B048;PBO;BL000000004822;;;;;;;;;;;;;;;;;
BL000008075690;CH000004318398;;PBO-SRO-BPI-11365657-046;8075690;0;;PSIT0000000125;GSIT0000000140;CST;REC;2019-11-01 00-00-00;E;B048;PBO;BL000000004822;;;;;;;;;;;;;;;;;
BL000008075715;SU000000871043;;PBO-SRO-BPI-11365657-063;8075715;0;;PSIT0000000125;GSIT0000000140;CST;REC;2019-11-01 17-16-19;E;B048;PBO;BL000000004822;;;;;;;;;;;;;;;;;
BL000008075680;CH000004312954;;PBO-SRO-BPI-11365657-073;8075680;0;;PSIT0000000125;GSIT0000000140;CST;REC;2019-11-01 17-16-16;E;B048;PBO;BL000000004824;;;;;;;;;;;;;;;;;
BL000008075729;CH000004319993;;PBO-SRO-BPI-11365657-074;8075729;0;;PSIT0000000125;GSIT0000000140;CST;REC;2019-11-01 17-16-19;E;B048;PBO;BL000000004824;;;;;;;;;;;;;;;;;
BL000008075051;SU000003487041;;PBO-SRO-BPI-11365657-055;8075051;0;;PSIT0000000125;GSIT0000000140;CST;REC;2019-11-01 17-15-52;E;B048;PBO;BL000000004822;;;;;;;;;;;;;;;;;
BL000008075356;CH000004320313;;PBO-SRO-BPI-11365657-025;8075356;0;;PSIT0000000125;GSIT0000000140;CST;REC;2019-11-01 00-00-00;E;B048;PBO;BL000000004824;;;;;;;;;;;;;;;;;
BL000008075678;CH000004311683;;PBO-SRO-BPI-11365657-071;8075678;0;;PSIT0000000125;GSIT0000000140;CST;REC;2019-11-01 17-16-09;E;B048;PBO;BL000000004824;;;;;;;;;;;;;;;;;
BL000017759852;HU000023189685;;PBO-SRO-BPI-11365657-047;17759852;0;;PSIT0000000125;GSIT0000000140;CST;REC;2022-04-28 00-00-00;E;B048;PBO;BL000000004822;;;;;;;;;;;;;;;;;
BL000008075683;SU000000862095;;PBO-SRO-BPI-11365657-039;8075683;0;;PSIT0000000125;GSIT0000000140;CST;REC;2019-11-01 17-15-28;E;B048;PBO;BL000000004822;;;;;;;;;;;;;;;;;
BL000008075717;CH000004919041;;PBO-SRO-BPI-11365657-065;8075717;0;;PSIT0000000125;GSIT0000000140;CST;REC;2019-11-01 17-16-25;E;B048;PBO;BL000000004824;;;;;;;;;;;;;;;;;
BL000008074734;CH000004313267;;PBO-SRO-BPI-11365657-005;8074734;0;;PSIT0000000125;GSIT0000000140;CST;REC;2019-11-01 17-14-34;E;B048;PBO;BL000000004824;;;;;;;;;;;;;;;;;
BL000008074736;CH000004310388;;PBO-SRO-BPI-11365657-007;8074736;0;;PSIT0000000125;GSIT0000000140;CST;REC;2019-11-01 17-14-41;E;B048;PBO;BL000000004824;;;;;;;;;;;;;;;;;
BL000008075697;SU000005016647;;PBO-SRO-BPI-11365657-030;8075697;0;;PSIT0000000125;GSIT0000000140;CST;REC;2019-11-01 17-15-23;E;B048;PBO;BL000000004822;;;;;;;;;;;;;;;;;
BL000008075716;CH000006428786;;PBO-SRO-BPI-11365657-064;8075716;0;;PSIT0000000125;GSIT0000000140;CST;REC;2019-11-01 17-16-22;E;B048;PBO;BL000000004824;;;;;;;;;;;;;;;;;
BL000008075731;CH000004315831;;PBO-SRO-BPI-11365657-076;8075731;0;;PSIT0000000125;GSIT0000000140;CST;REC;2019-11-01 17-16-26;E;B048;PBO;BL000000004824;;;;;;;;;;;;;;;;;
BL000008075358;SU000000872340;;PBO-SRO-BPI-11365657-027;8075358;0;;PSIT0000000125;GSIT0000000140;CST;REC;2019-11-01 17-15-14;E;B048;PBO;BL000000004822;;;;;;;;;;;;;;;;;
EN000011942263;CH000003985629;;M-456/30034-FT;11942263;0;;PENC0000000100;GENC0000000096;CST;PRO;2019-10-16 00-00-00;C;B144;BPE;EN000000000206;;;;;;;;;;;;;;;;;
EN000011933322;CH000003986228;;BPE-202/30034-FT;11933322;0;;PENC0000000100;GENC0000000096;CST;PRO;2019-10-16 00-00-00;C;B576;BPE;EN000000000208;;;;;;;;;;;;;;;;;
EN000012032195;CH000004016629;;M-436/30034-FT;12032195;0;;PENC0000000100;GENC0000000096;CST;REC;2019-11-01 16-49-56;E;B144;BPE;EN000000000206;;;;;;;;;;;;;;;;;
EN000012032198;CH000004008952;;M-311/30034-FT;12032198;0;;PENC0000000100;GENC0000000096;CST;REC;2019-11-01 16-50-02;E;B144;BPE;EN000000000206;;;;;;;;;;;;;;;;;
EN000012032193;CH000003985629;;BPE-456/30034-FT;12032193;0;;PENC0000000100;GENC0000000096;CST;REC;2019-11-01 16-49-51;E;B336;BPE;EN000000000207;;;;;;;;;;;;;;;;;
EN000012032199;CH000004009916;;M-238/30034-FT;12032199;0;;PENC0000000100;GENC0000000096;CST;REC;2019-11-01 16-50-04;E;B144;BPE;EN000000000206;;;;;;;;;;;;;;;;;
EN000012032194;CH000004008954;;BPE-512/30034-FT;12032194;0;;PENC0000000100;GENC0000000096;CST;REC;2019-11-01 16-49-54;E;B336;BPE;EN000000000207;;;;;;;;;;;;;;;;;
EN000012032196;CH000003985914;;BPE-314/30034-FT;12032196;0;;PENC0000000100;GENC0000000096;CST;REC;2019-11-01 16-49-58;E;B336;BPE;EN000000000207;;;;;;;;;;;;;;;;;
EN000012748357;CH000009383665;;BPE-L3T-COMMUNALE-2;12748357;0;;PENC0000000100;GENC0000000096;CST;PRO;2020-02-25 00-00-00;C;B432;BPE;EN000000000220;;;;;;;;;;;;;;;;;
EN000014706739;CH000004919041;;BPE-454/30034-FT;14706739;0;;PENC0000000100;GENC0000000096;CST;REC;2020-12-10 00-00-00;E;B144;BPE;EN000000000260;;;;;;;;;;;;;;;;;
EN000012748358;CH000009567345;;BPE-L3T-COMMUNALE-1;12748358;0;;PENC0000000100;GENC0000000096;CST;PRO;2020-02-25 00-00-00;C;B432;BPE;EN000000000220;;;;;;;;;;;;;;;;;
EN000011933320;CH000004016626;;BPE-359/30034-FT;11933320;0;;PENC0000000100;GENC0000000096;CST;PRO;2019-10-16 00-00-00;C;B576;BPE;EN000000000208;;;;;;;;;;;;;;;;;
EN000011942264;CH000004055346;;mM-AC0/30034-FT;11942264;0;;PENC0000000100;GENC0000000096;CST;PRO;2019-10-16 00-00-00;C;B048;BPE;EN000000000254;;;;;;;;;;;;;;;;;
EN000012748360;CH000003986241;;M-223/30034-FT;12748360;0;;PENC0000000100;GENC0000000096;CST;PRO;2020-02-25 00-00-00;C;B288;BPE;EN000000000239;;;;;;;;;;;;;;;;;
EN000012748356;SU000000540163;;BPE-L3T-COMMUNALE-3;12748356;0;;PENC0000000100;GENC0000000096;CST;PRO;2020-02-25 00-00-00;C;B432;BPE;EN000000000220;;;;;;;;;;;;;;;;;
EN000012032197;CH000003985918;;mM-310/30034-FT;12032197;0;;PENC0000000100;GENC0000000096;CST;REC;2019-11-01 16-50-00;E;B048;BPE;EN000000000254;;;;;;;;;;;;;;;;;
