lc_code;lc_bp_codf;lc_bp_codp;lc_codeext;lc_abandon;lc_prop;lc_gest;lc_statut;lc_dateins;lc_elec;lc_bat;lc_escal;lc_etage;lc_avct;lc_perirec;lc_etiquet;lc_st_code;lc_typelog;lc_proptyp;lc_user;lc_etat;lc_datemes;lc_local;lc_clim;lc_occp;lc_idmajic;lc_abddate;lc_abdsrc;lc_comment;lc_creadat;lc_majdate;lc_majsrc
PTO00086462491;BL000008075054;;;0;;;;;;;HABITATION;HABITATION;;;;IM00000000000000000000000ID-300340000099;FTTH;;;;;;;;;;;;;;
PTO00002841381;BL000008075731;;;0;;;;;;;HABITATION;HABITATION;;;;IM00000000000000000000000ID-30034000007W;FTTH;;;;;;;;;;;;;;
PTO00002722951;BL000008075731;;;0;;;;;;;HABITATION;HABITATION;;;;IM00000000000000000000000ID-30034000007Y;FTTH;;;;;;;;;;;;;;
PTO00002690431;BL000008075731;;;0;;;;;;;HABITATION;HABITATION;;;;IM00000000000000000000000ID-30034000007X;FTTH;;;;;;;;;;;;;;
PTO00036200891;BL000008074735;;;0;;;;;;;HABITATION;HABITATION;;;;IM00000000000000000000000ID-300340000069;FTTH;;;;;;;;;;;;;;
PTO00005797511;BL000008075692;;;0;;;;;;;HABITATION;HABITATION;;;;IM00000000000000000000000ID-30034000008Y;FTTH;;;;;;;;;;;;;;
PTO00039368931;BL000008075699;;;0;;;;;;;HABITATION;HABITATION;;;;IM00000000000000000000000ID-30034000000A;FTTH;;;;;;;;;;;;;;
PTO00010745431;BL000008075676;;;0;;;;;;;HABITATION;HABITATION;;;;IM00000000000000000000000ID-30034000004Z;FTTH;;;;;;;;;;;;;;
PTO00088507581;BL000008075358;;;0;;;;;;;HABITATION;HABITATION;;;;IM00000000000000000000000ID-30034000001Z;FTTH;;;;;;;;;;;;;;
PTO00044259901;BL000008075346;;;0;;;;;;;HABITATION;HABITATION;;;;IM00000000000000000000000ID-30034000008D;FTTH;;;;;;;;;;;;;;
PTO00096192591;BL000008075352;;;0;;;;;;;HABITATION;HABITATION;;;;IM00000000000000000000000ID-30034000005K;FTTH;;;;;;;;;;;;;;
PTO00083359791;BL000017660965;;;0;;;;;;;ESCALIER-1;ETAGE-RDC;;;;IM00000000000000000000000ID-30034000000N;FTTH;;;;;;;;;;;;;;
PTO00044264761;BL000008075689;;;0;;;;;;;HABITATION;HABITATION;;;;IM00000000000000000000000ID-30034000004B;FTTH;;;;;;;;;;;;;;
PTO00067808191;BL000008075689;;;0;;;;;;;HABITATION;HABITATION;;;;IM00000000000000000000000ID-30034000004A;FTTH;;;;;;;;;;;;;;
PTO00094229641;BL000008075347;;;0;;;;;;;HABITATION;HABITATION;;;;IM00000000000000000000000ID-300340000037;FTTH;;;;;;;;;;;;;;
PTO00095427861;BL000008075347;;;0;;;;;;;HABITATION;HABITATION;;;;IM00000000000000000000000ID-30034000006H;FTTH;;;;;;;;;;;;;;
PTO00000255101;BL000008075666;;;0;;;;;;;HABITATION;HABITATION;;;;IM00000000000000000000000ID-30034000006Y;FTTH;;;;;;;;;;;;;;
PTO00079772291;BL000008075351;;;0;;;;;;;HABITATION;HABITATION;;;;IM00000000000000000000000ID-30034000005N;FTTH;;;;;;;;;;;;;;
PTO00083144751;BL000008075687;;;0;;;;;;;HABITATION;HABITATION;;;;IM00000000000000000000000ID-30034000003V;FTTH;;;;;;;;;;;;;;
PTO00049280251;BL000008075665;;;0;;;;;;;HABITATION;HABITATION;;;;IM00000000000000000000000ID-30034000006Z;FTTH;;;;;;;;;;;;;;
PTO00037530831;BL000008075672;;;0;;;;;;;HABITATION;HABITATION;;;;IM00000000000000000000000ID-300340000092;FTTH;;;;;;;;;;;;;;
PTO00004470611;BL000008075349;;;0;;;;;;;HABITATION;HABITATION;;;;IM00000000000000000000000ID-300340000059;FTTH;;;;;;;;;;;;;;
PTO00036200831;BL000008074734;;;0;;;;;;;HABITATION;HABITATION;;;;IM00000000000000000000000ID-30034000006D;FTTH;;;;;;;;;;;;;;
PTO00087311521;BL000008075690;;;0;;;;;;;HABITATION;HABITATION;;;;IM00000000000000000000000ID-30034000002F;FTTH;;;;;;;;;;;;;;
PTO00032916761;BL000008074736;;;0;;;;;;;HABITATION;HABITATION;;;;IM00000000000000000000000ID-300340000063;FTTH;;;;;;;;;;;;;;
PTO00033071931;BL000008074736;;;0;;;;;;;HABITATION;HABITATION;;;;IM00000000000000000000000ID-300340000064;FTTH;;;;;;;;;;;;;;
PTO00036092231;BL000008075713;;;0;;;;;;;HABITATION;HABITATION;;;;IM00000000000000000000000ID-30034000001D;FTTH;;;;;;;;;;;;;;
PTO00043296671;BL000008075680;;;0;;;;;;;HABITATION;HABITATION;;;;IM00000000000000000000000ID-30034000005V;FTTH;;;;;;;;;;;;;;
PTO00043296871;BL000008075049;;;0;;;;;;;HABITATION;HABITATION;;;;IM00000000000000000000000ID-30034000004H;FTTH;;;;;;;;;;;;;;
PTO00093540601;BL000008075693;;;0;;;;;;;HABITATION;HABITATION;;;;IM00000000000000000000000ID-30034000000U;FTTH;;;;;;;;;;;;;;
PTO00048440741;BL000008075677;;;0;;;;;;;HABITATION;HABITATION;;;;IM00000000000000000000000ID-300340000083;FTTH;;;;;;;;;;;;;;
PTO00045714731;BL000008075054;;;0;;;;;;;HABITATION;HABITATION;;;;IM00000000000000000000000ID-300340000099;FTTH;;;;;;;;;;;;;;
PTO00046263791;BL000008075050;;;0;;;;;;;HABITATION;HABITATION;;;;IM00000000000000000000000ID-30034000002H;FTTH;;;;;;;;;;;;;;
PTO00046263881;BL000008075050;;;0;;;;;;;HABITATION;HABITATION;;;;IM00000000000000000000000ID-30034000002V;FTTH;;;;;;;;;;;;;;
PTO00089957521;BL000008074733;;;0;;;;;;;HABITATION;HABITATION;;;;IM00000000000000000000000ID-30034000007C;FTTH;;;;;;;;;;;;;;
PTO00041005831;BL000008075051;;;0;;;;;;;HABITATION;HABITATION;;;;IM00000000000000000000000ID-300340000035;FTTH;;;;;;;;;;;;;;
PTO00000245611;BL000008075675;;;0;;;;;;;HABITATION;HABITATION;;;;IM00000000000000000000000ID-300340000013;FTTH;;;;;;;;;;;;;;
PTO00092970041;BL000008075675;;;0;;;;;;;HABITATION;HABITATION;;;;IM00000000000000000000000ID-300340000014;FTTH;;;;;;;;;;;;;;
PTO00050292281;BL000008075681;;;0;;;;;;;HABITATION;HABITATION;;;;IM00000000000000000000000ID-30034000001V;FTTH;;;;;;;;;;;;;;
PTO00000275671;BL000008075667;;;0;;;;;;;HABITATION;HABITATION;;;;IM00000000000000000000000ID-30034000008N;FTTH;;;;;;;;;;;;;;
PTO00002722861;BL000008075667;;;0;;;;;;;HABITATION;HABITATION;;;;IM00000000000000000000000ID-30034000004Y;FTTH;;;;;;;;;;;;;;
PTO00002690281;BL000008075667;;;0;;;;;;;HABITATION;HABITATION;;;;IM00000000000000000000000ID-30034000006X;FTTH;;;;;;;;;;;;;;
PTO00032971401;BL000008075356;;;0;;;;;;;HABITATION;HABITATION;;;;IM00000000000000000000000ID-30034000001Y;FTTH;;;;;;;;;;;;;;
PTO00049362571;BL000008075040;;;0;;;;;;;HABITATION;HABITATION;;;;IM00000000000000000000000ID-30034000006J;FTTH;;;;;;;;;;;;;;
PTO00033122201;BL000008075358;;;0;;;;;;;HABITATION;HABITATION;;;;IM00000000000000000000000ID-30034000002P;FTTH;;;;;;;;;;;;;;
PTO00044271571;BL000008075346;;;0;;;;;;;HABITATION;HABITATION;;;;IM00000000000000000000000ID-30034000008C;FTTH;;;;;;;;;;;;;;
PTO00044316881;BL000008075346;;;0;;;;;;;HABITATION;HABITATION;;;;IM00000000000000000000000ID-30034000006O;FTTH;;;;;;;;;;;;;;
PTO00051237491;BL000008075700;;;0;;;;;;;HABITATION;HABITATION;;;;IM00000000000000000000000ID-300340000043;FTTH;;;;;;;;;;;;;;
PTO00000290181;BL000008075668;;;0;;;;;;;HABITATION;HABITATION;;;;IM00000000000000000000000ID-30034000004W;FTTH;;;;;;;;;;;;;;
PTO00000290411;BL000008075666;;;0;;;;;;;HABITATION;HABITATION;;;;IM00000000000000000000000ID-30034000008V;FTTH;;;;;;;;;;;;;;
PTO00048236221;BL000008075678;;;0;;;;;;;HABITATION;HABITATION;;;;IM00000000000000000000000ID-30034000008R;FTTH;;;;;;;;;;;;;;
PTO00048334671;BL000008075678;;;0;;;;;;;HABITATION;HABITATION;;;;IM00000000000000000000000ID-30034000008Q;FTTH;;;;;;;;;;;;;;
PTO00043302371;BL000008075355;;;0;;;;;;;HABITATION;HABITATION;;;;IM00000000000000000000000ID-300340000095;FTTH;;;;;;;;;;;;;;
PTO00000308031;BL000008075698;;;0;;;;;;;HABITATION;HABITATION;;;;IM00000000000000000000000ID-30034000001M;FTTH;;;;;;;;;;;;;;
PTO00049002681;BL000008075053;;;0;;;;;;;HABITATION;HABITATION;;;;IM00000000000000000000000ID-30034000008F;FTTH;;;;;;;;;;;;;;
PTO00043342741;BL000008075039;;;0;;;;;;;HABITATION;HABITATION;;;;IM00000000000000000000000ID-30034000006P;FTTH;;;;;;;;;;;;;;
PTO00015650451;BL000008075682;;;0;;;;;;;HABITATION;HABITATION;;;;IM00000000000000000000000ID-30034000001S;FTTH;;;;;;;;;;;;;;
PTO00047601611;BL000008075673;;;0;;;;;;;HABITATION;HABITATION;;;;IM00000000000000000000000ID-300340000011;FTTH;;;;;;;;;;;;;;
PTO00047657681;BL000008075673;;;0;;;;;;;HABITATION;HABITATION;;;;IM00000000000000000000000ID-300340000016;FTTH;;;;;;;;;;;;;;
PTO00033016381;BL000008074736;;;0;;;;;;;HABITATION;HABITATION;;;;IM00000000000000000000000ID-300340000062;FTTH;;;;;;;;;;;;;;
PTO00052141771;BL000008075713;;;0;;;;;;;HABITATION;HABITATION;;;;IM00000000000000000000000ID-30034000002Z;FTTH;;;;;;;;;;;;;;
PTO00043396281;BL000008075680;;;0;;;;;;;HABITATION;HABITATION;;;;IM00000000000000000000000ID-30034000005T;FTTH;;;;;;;;;;;;;;
PTO00041376241;BL000008075360;;;0;;;;;;;HABITATION;HABITATION;;;;IM00000000000000000000000ID-30034000002I;FTTH;;;;;;;;;;;;;;
PTO00041380651;BL000008075360;;;0;;;;;;;HABITATION;HABITATION;;;;IM00000000000000000000000ID-30034000002J;FTTH;;;;;;;;;;;;;;
PTO00043304161;BL000008075056;;;0;;;;;;;HABITATION;HABITATION;;;;IM00000000000000000000000ID-30034000026Y;FTTH;;;;;;;;;;;;;;
PTO00014628921;BL000008075353;;;0;;;;;;;HABITATION;HABITATION;;;;IM00000000000000000000000ID-300340000078;FTTH;;;;;;;;;;;;;;
PTO00012653391;BL000008075733;;;0;;;;;;;HABITATION;HABITATION;;;;IM00000000000000000000000ID-3003400002JS;FTTH;;;;;;;;;;;;;;
PTO00048216971;BL000008075677;;;0;;;;;;;HABITATION;HABITATION;;;;IM00000000000000000000000ID-300340000086;FTTH;;;;;;;;;;;;;;
PTO00048423501;BL000008075677;;;0;;;;;;;HABITATION;HABITATION;;;;IM00000000000000000000000ID-300340000084;FTTH;;;;;;;;;;;;;;
PTO00093649501;BL000008075050;;;0;;;;;;;HABITATION;HABITATION;;;;IM00000000000000000000000ID-300340000072;FTTH;;;;;;;;;;;;;;
PTO00046127551;BL000008075050;;;0;;;;;;;HABITATION;HABITATION;;;;IM00000000000000000000000ID-30034000002U;FTTH;;;;;;;;;;;;;;
PTO00081919031;BL000008075051;;;0;;;;;;;HABITATION;HABITATION;;;;IM00000000000000000000000ID-300340000082;FTTH;;;;;;;;;;;;;;
PTO00039197341;BL000008075699;;;0;;;;;;;HABITATION;HABITATION;;;;IM00000000000000000000000ID-30034000000A;FTTH;;;;;;;;;;;;;;
PTO00034208541;BL000008075356;;;0;;;;;;;HABITATION;HABITATION;;;;IM00000000000000000000000ID-30034000003E;FTTH;;;;;;;;;;;;;;
PTO00049299031;BL000008075040;;;0;;;;;;;HABITATION;HABITATION;;;;IM00000000000000000000000ID-30034000006M;FTTH;;;;;;;;;;;;;;
PTO00049362961;BL000008075040;;;0;;;;;;;HABITATION;HABITATION;;;;IM00000000000000000000000ID-30034000006N;FTTH;;;;;;;;;;;;;;
PTO00010745061;BL000008075676;;;0;;;;;;;HABITATION;HABITATION;;;;IM00000000000000000000000ID-300340000050;FTTH;;;;;;;;;;;;;;
PTO00044299711;BL000008075346;;;0;;;;;;;HABITATION;HABITATION;;;;IM00000000000000000000000ID-30034000008E;FTTH;;;;;;;;;;;;;;
PTO00044269691;BL000008075689;;;0;;;;;;;HABITATION;HABITATION;;;;IM00000000000000000000000ID-30034000003S;FTTH;;;;;;;;;;;;;;
PTO00049304371;BL000008075347;;;0;;;;;;;HABITATION;HABITATION;;;;IM00000000000000000000000ID-30034000006H;FTTH;;;;;;;;;;;;;;
PTO00067872491;BL000008075347;;;0;;;;;;;HABITATION;HABITATION;;;;IM00000000000000000000000ID-30034000006G;FTTH;;;;;;;;;;;;;;
PTO00092707671;BL000008075359;;;0;;;;;;;HABITATION;HABITATION;;;;IM00000000000000000000000ID-30034000000T;FTTH;;;;;;;;;;;;;;
PTO00010754421;BL000008075684;;;0;;;;;;;HABITATION;HABITATION;;;;IM00000000000000000000000ID-30034000028G;FTTH;;;;;;;;;;;;;;
PTO00000475371;BL000008075703;;;0;;;;;;;HABITATION;HABITATION;;;;IM00000000000000000000000ID-30034000003G;FTTH;;;;;;;;;;;;;;
PTO00048334871;BL000008075678;;;0;;;;;;;HABITATION;HABITATION;;;;IM00000000000000000000000ID-30034000008T;FTTH;;;;;;;;;;;;;;
PTO00043368141;BL000008075355;;;0;;;;;;;HABITATION;HABITATION;;;;IM00000000000000000000000ID-300340000093;FTTH;;;;;;;;;;;;;;
PTO00019668591;BL000008075702;;;0;;;;;;;HABITATION;HABITATION;;;;IM00000000000000000000000ID-300340000049;FTTH;;;;;;;;;;;;;;
PTO00000242651;BL000008075730;;;0;;;;;;;HABITATION;HABITATION;;;;IM00000000000000000000000ID-30034000007U;FTTH;;;;;;;;;;;;;;
PTO00000363441;BL000008075698;;;0;;;;;;;HABITATION;HABITATION;;;;IM00000000000000000000000ID-30034000001O;FTTH;;;;;;;;;;;;;;
PTO00035980631;BL000008074734;;;0;;;;;;;HABITATION;HABITATION;;;;IM00000000000000000000000ID-30034000006A;FTTH;;;;;;;;;;;;;;
PTO00036295141;BL000008074734;;;0;;;;;;;HABITATION;HABITATION;;;;IM00000000000000000000000ID-300340000068;FTTH;;;;;;;;;;;;;;
PTO00042244731;BL000008075690;;;0;;;;;;;HABITATION;HABITATION;;;;IM00000000000000000000000ID-30034000002D;FTTH;;;;;;;;;;;;;;
PTO00051226501;BL000008075670;;;0;;;;;;;HABITATION;HABITATION;;;;IM00000000000000000000000ID-30034000009G;FTTH;;;;;;;;;;;;;;
PTO00043377121;BL000008075049;;;0;;;;;;;HABITATION;HABITATION;;;;IM00000000000000000000000ID-300340000080;FTTH;;;;;;;;;;;;;;
PTO00000327021;BL000008075052;;;0;;;;;;;HABITATION;HABITATION;;;;IM00000000000000000000000ID-30034000002B;FTTH;;;;;;;;;;;;;;
PTO00014595851;BL000008075353;;;0;;;;;;;HABITATION;HABITATION;;;;IM00000000000000000000000ID-30034000005E;FTTH;;;;;;;;;;;;;;
PTO00045832391;BL000008075729;;;0;;;;;;;HABITATION;HABITATION;;;;IM00000000000000000000000ID-300340000061;FTTH;;;;;;;;;;;;;;
PTO00010778611;BL000008075679;;;0;;;;;;;HABITATION;HABITATION;;;;IM00000000000000000000000ID-30034000007D;FTTH;;;;;;;;;;;;;;
PTO00010649171;BL000008075679;;;0;;;;;;;HABITATION;HABITATION;;;;IM00000000000000000000000ID-30034000005R;FTTH;;;;;;;;;;;;;;
PTO00008771091;BL000008075693;;;0;;;;;;;HABITATION;HABITATION;;;;IM00000000000000000000000ID-30034000023J;FTTH;;;;;;;;;;;;;;
RO000025451900;;;;0;PSIT0000000125;GSIT0000000140;;;;;ESCALIER-1;ETAGE-RDC;;;;IM00000000000000000000000ID-30034000000N;TEC;;;;;;;;;;;;;;
RO000024003573;;;;0;PSIT0000000125;GSIT0000000140;;;;;ESCALIER-1;ETAGE-RDC;;;;IM00000000000000000000000ID-3003400002JY;TEC;;;;;;;;;;;;;;
PTO00049392681;BL000008075347;;;0;;;;;;;HABITATION;HABITATION;;;;IM00000000000000000000000ID-30034000006L;FTTH;;;;;;;;;;;;;;
PTO00016204641;BL000008075668;;;0;;;;;;;HABITATION;HABITATION;;;;IM00000000000000000000000ID-30034000007G;FTTH;;;;;;;;;;;;;;
PTO00000392131;BL000008075698;;;0;;;;;;;HABITATION;HABITATION;;;;IM00000000000000000000000ID-30034000001N;FTTH;;;;;;;;;;;;;;
PTO00041868321;BL000008075683;;;0;;;;;;;HABITATION;HABITATION;;;;IM00000000000000000000000ID-30034000008W;FTTH;;;;;;;;;;;;;;
PTO00080063611;BL000008075687;;;0;;;;;;;HABITATION;HABITATION;;;;IM00000000000000000000000ID-30034000004C;FTTH;;;;;;;;;;;;;;
PTO00092308711;BL000008075687;;;0;;;;;;;HABITATION;HABITATION;;;;IM00000000000000000000000ID-30034000003X;FTTH;;;;;;;;;;;;;;
PTO00052081471;BL000008075715;;;0;;;;;;;HABITATION;HABITATION;;;;IM00000000000000000000000ID-300340000034;FTTH;;;;;;;;;;;;;;
PTO00035889511;BL000008075713;;;0;;;;;;;HABITATION;HABITATION;;;;IM00000000000000000000000ID-30034000001C;FTTH;;;;;;;;;;;;;;
PTO00089026941;BL000008075360;;;0;;;;;;;HABITATION;HABITATION;;;;IM00000000000000000000000ID-30034000002I;FTTH;;;;;;;;;;;;;;
PTO00069012741;BL000008075052;;;0;;;;;;;HABITATION;HABITATION;;;;IM00000000000000000000000ID-30034000002A;FTTH;;;;;;;;;;;;;;
PTO00093658691;BL000008075697;;;0;;;;;;;HABITATION;HABITATION;;;;IM00000000000000000000000ID-30034000002L;FTTH;;;;;;;;;;;;;;
PTO00043310341;BL000008075056;;;0;;;;;;;HABITATION;HABITATION;;;;IM00000000000000000000000ID-3003400002K3;FTTH;;;;;;;;;;;;;;
PTO00034170101;BL000008075716;;;0;;;;;;;HABITATION;HABITATION;;;;IM00000000000000000000000ID-30034000004J;FTTH;;;;;;;;;;;;;;
PTO00089668461;BL000008075733;;;0;;;;;;;HABITATION;HABITATION;;;;IM00000000000000000000000ID-3003400002JS;FTTH;;;;;;;;;;;;;;
PTO00043409761;BL000008074733;;;0;;;;;;;HABITATION;HABITATION;;;;IM00000000000000000000000ID-30034000007M;FTTH;;;;;;;;;;;;;;
PTO00043362121;BL000008074733;;;0;;;;;;;HABITATION;HABITATION;;;;IM00000000000000000000000ID-300340000052;FTTH;;;;;;;;;;;;;;
PTO00094627691;BL000008075348;;;0;;;;;;;HABITATION;HABITATION;;;;IM00000000000000000000000ID-300340000058;FTTH;;;;;;;;;;;;;;
PTO00041137041;BL000008075051;;;0;;;;;;;HABITATION;HABITATION;;;;IM00000000000000000000000ID-300340000023;FTTH;;;;;;;;;;;;;;
PTO00041213241;BL000008075051;;;0;;;;;;;HABITATION;HABITATION;;;;IM00000000000000000000000ID-300340000022;FTTH;;;;;;;;;;;;;;
PTO00015070451;BL000008075671;;;0;;;;;;;HABITATION;HABITATION;;;;IM00000000000000000000000ID-300340000271;FTTH;;;;;;;;;;;;;;
PTO00002845661;BL000008075667;;;0;;;;;;;HABITATION;HABITATION;;;;IM00000000000000000000000ID-30034000006W;FTTH;;;;;;;;;;;;;;
PTO00034237181;BL000008075356;;;0;;;;;;;HABITATION;HABITATION;;;;IM00000000000000000000000ID-300340000096;FTTH;;;;;;;;;;;;;;
PTO00032965411;BL000008075358;;;0;;;;;;;HABITATION;HABITATION;;;;IM00000000000000000000000ID-300340000020;FTTH;;;;;;;;;;;;;;
PTO00044259861;BL000008075346;;;0;;;;;;;HABITATION;HABITATION;;;;IM00000000000000000000000ID-30034000008J;FTTH;;;;;;;;;;;;;;
PTO00034191231;BL000008075354;;;0;;;;;;;HABITATION;HABITATION;;;;IM00000000000000000000000ID-30034000005B;FTTH;;;;;;;;;;;;;;
PTO00047954911;BL000008075352;;;0;;;;;;;HABITATION;HABITATION;;;;IM00000000000000000000000ID-30034000005I;FTTH;;;;;;;;;;;;;;
PTO00048026691;BL000008075352;;;0;;;;;;;HABITATION;HABITATION;;;;IM00000000000000000000000ID-30034000005J;FTTH;;;;;;;;;;;;;;
PTO00094242541;BL000017660965;;;0;;;;;;;ESCALIER-1;ETAGE-RDC;;;;IM00000000000000000000000ID-30034000000N;FTTH;;;;;;;;;;;;;;
PTO00011150941;BL000008075055;;;0;;;;;;;HABITATION;HABITATION;;;;IM00000000000000000000000ID-30034000000Z;FTTH;;;;;;;;;;;;;;
PTO00010882161;BL000008075055;;;0;;;;;;;HABITATION;HABITATION;;;;IM00000000000000000000000ID-300340000018;FTTH;;;;;;;;;;;;;;
PTO00019638611;BL000008075702;;;0;;;;;;;HABITATION;HABITATION;;;;IM00000000000000000000000ID-300340000047;FTTH;;;;;;;;;;;;;;
PTO00093042371;BL000008075730;;;0;;;;;;;HABITATION;HABITATION;;;;IM00000000000000000000000ID-30034000007K;FTTH;;;;;;;;;;;;;;
PTO00043421621;BL000008075039;;;0;;;;;;;HABITATION;HABITATION;;;;IM00000000000000000000000ID-30034000006S;FTTH;;;;;;;;;;;;;;
PTO00043377221;BL000008075039;;;0;;;;;;;HABITATION;HABITATION;;;;IM00000000000000000000000ID-30034000006U;FTTH;;;;;;;;;;;;;;
PTO00043310261;BL000008075039;;;0;;;;;;;HABITATION;HABITATION;;;;IM00000000000000000000000ID-30034000007E;FTTH;;;;;;;;;;;;;;
PTO00042064411;BL000008075683;;;0;;;;;;;HABITATION;HABITATION;;;;IM00000000000000000000000ID-30034000002W;FTTH;;;;;;;;;;;;;;
PTO00046557901;BL000008075686;;;0;;;;;;;HABITATION;HABITATION;;;;IM00000000000000000000000ID-30034000004F;FTTH;;;;;;;;;;;;;;
PTO00047662961;BL000008075673;;;0;;;;;;;HABITATION;HABITATION;;;;IM00000000000000000000000ID-300340000011;FTTH;;;;;;;;;;;;;;
PTO00036376281;BL000008075717;;;0;;;;;;;HABITATION;HABITATION;;;;IM00000000000000000000000ID-30034000004I;FTTH;;;;;;;;;;;;;;
PTO00036291101;BL000008075717;;;0;;;;;;;HABITATION;HABITATION;;;;IM00000000000000000000000ID-30034000004I;FTTH;;;;;;;;;;;;;;
PTO00048250201;BL000008075351;;;0;;;;;;;HABITATION;HABITATION;;;;IM00000000000000000000000ID-30034000007B;FTTH;;;;;;;;;;;;;;
PTO00037530741;BL000008075672;;;0;;;;;;;HABITATION;HABITATION;;;;IM00000000000000000000000ID-30034000008M;FTTH;;;;;;;;;;;;;;
PTO00004644661;BL000008075349;;;0;;;;;;;HABITATION;HABITATION;;;;IM00000000000000000000000ID-30034000007S;FTTH;;;;;;;;;;;;;;
PTO00036023881;BL000008075713;;;0;;;;;;;HABITATION;HABITATION;;;;IM00000000000000000000000ID-30034000001B;FTTH;;;;;;;;;;;;;;
PTO00036107921;BL000008075713;;;0;;;;;;;HABITATION;HABITATION;;;;IM00000000000000000000000ID-300340000019;FTTH;;;;;;;;;;;;;;
PTO00051156341;BL000008075670;;;0;;;;;;;HABITATION;HABITATION;;;;IM00000000000000000000000ID-30034000009G;FTTH;;;;;;;;;;;;;;
PTO00043466521;BL000008075680;;;0;;;;;;;HABITATION;HABITATION;;;;IM00000000000000000000000ID-30034000005W;FTTH;;;;;;;;;;;;;;
PTO00043319741;BL000008075049;;;0;;;;;;;HABITATION;HABITATION;;;;IM00000000000000000000000ID-300340000082;FTTH;;;;;;;;;;;;;;
PTO00041488951;BL000008075360;;;0;;;;;;;HABITATION;HABITATION;;;;IM00000000000000000000000ID-30034000002J;FTTH;;;;;;;;;;;;;;
PTO00000242601;BL000008075052;;;0;;;;;;;HABITATION;HABITATION;;;;IM00000000000000000000000ID-300340000027;FTTH;;;;;;;;;;;;;;
PTO00000462171;BL000008075697;;;0;;;;;;;HABITATION;HABITATION;;;;IM00000000000000000000000ID-30034000002K;FTTH;;;;;;;;;;;;;;
PTO00043293641;BL000008075056;;;0;;;;;;;HABITATION;HABITATION;;;;IM00000000000000000000000ID-30034000026W;FTTH;;;;;;;;;;;;;;
PTO00014985191;BL000008075353;;;0;;;;;;;HABITATION;HABITATION;;;;IM00000000000000000000000ID-30034000005H;FTTH;;;;;;;;;;;;;;
PTO00051355101;BL000008075674;;;0;;;;;;;HABITATION;HABITATION;;;;IM00000000000000000000000ID-3003400001VY;FTTH;;;;;;;;;;;;;;
PTO00088050501;BL000008075679;;;0;;;;;;;HABITATION;HABITATION;;;;IM00000000000000000000000ID-30034000005Q;FTTH;;;;;;;;;;;;;;
PTO00010723651;BL000008075679;;;0;;;;;;;HABITATION;HABITATION;;;;IM00000000000000000000000ID-30034000005P;FTTH;;;;;;;;;;;;;;
PTO00050820501;BL000008075357;;;0;;;;;;;HABITATION;HABITATION;;;;IM00000000000000000000000ID-30034000001Z;FTTH;;;;;;;;;;;;;;
PTO00050737001;BL000008075357;;;0;;;;;;;HABITATION;HABITATION;;;;IM00000000000000000000000ID-300340000039;FTTH;;;;;;;;;;;;;;
PTO00012701961;BL000008075733;;;0;;;;;;;HABITATION;HABITATION;;;;IM00000000000000000000000ID-3003400002JS;FTTH;;;;;;;;;;;;;;
PTO00095886201;BL000008075677;;;0;;;;;;;HABITATION;HABITATION;;;;IM00000000000000000000000ID-300340000088;FTTH;;;;;;;;;;;;;;
PTO00046160811;BL000008075050;;;0;;;;;;;HABITATION;HABITATION;;;;IM00000000000000000000000ID-30034000002G;FTTH;;;;;;;;;;;;;;
PTO00047515291;BL000008075348;;;0;;;;;;;HABITATION;HABITATION;;;;IM00000000000000000000000ID-30034000007P;FTTH;;;;;;;;;;;;;;
PTO00041014421;BL000008075051;;;0;;;;;;;HABITATION;HABITATION;;;;IM00000000000000000000000ID-300340000026;FTTH;;;;;;;;;;;;;;
PTO00000317091;BL000008075675;;;0;;;;;;;HABITATION;HABITATION;;;;IM00000000000000000000000ID-300340000015;FTTH;;;;;;;;;;;;;;
PTO00034302861;BL000008075350;;;0;;;;;;;HABITATION;HABITATION;;;;IM00000000000000000000000ID-300340000056;FTTH;;;;;;;;;;;;;;
PTO00034276891;BL000008075350;;;0;;;;;;;HABITATION;HABITATION;;;;IM00000000000000000000000ID-300340000053;FTTH;;;;;;;;;;;;;;
PTO00039230751;BL000008075699;;;0;;;;;;;HABITATION;HABITATION;;;;IM00000000000000000000000ID-30034000000A;FTTH;;;;;;;;;;;;;;
PTO00049280161;BL000008075040;;;0;;;;;;;HABITATION;HABITATION;;;;IM00000000000000000000000ID-30034000006K;FTTH;;;;;;;;;;;;;;
PTO00049390161;BL000008075685;;;0;;;;;;;HABITATION;HABITATION;;;;IM00000000000000000000000ID-30034000004R;FTTH;;;;;;;;;;;;;;
PTO00049390191;BL000008075685;;;0;;;;;;;HABITATION;HABITATION;;;;IM00000000000000000000000ID-300340000040;FTTH;;;;;;;;;;;;;;
PTO00098603311;BL000008075685;;;0;;;;;;;HABITATION;HABITATION;;;;IM00000000000000000000000ID-300340000066;FTTH;;;;;;;;;;;;;;
PTO00010754161;BL000008075676;;;0;;;;;;;HABITATION;HABITATION;;;;IM00000000000000000000000ID-30034000009C;FTTH;;;;;;;;;;;;;;
PTO00044311891;BL000008075689;;;0;;;;;;;HABITATION;HABITATION;;;;IM00000000000000000000000ID-30034000003R;FTTH;;;;;;;;;;;;;;
PTO00016085541;BL000008075668;;;0;;;;;;;HABITATION;HABITATION;;;;IM00000000000000000000000ID-30034000007H;FTTH;;;;;;;;;;;;;;
PTO00016345821;BL000008075668;;;0;;;;;;;HABITATION;HABITATION;;;;IM00000000000000000000000ID-30034000006V;FTTH;;;;;;;;;;;;;;
PTO00000308271;BL000008075666;;;0;;;;;;;HABITATION;HABITATION;;;;IM00000000000000000000000ID-30034000004U;FTTH;;;;;;;;;;;;;;
PTO00082341651;BL000008075688;;;0;;;;;;;HABITATION;HABITATION;;;;IM00000000000000000000000ID-30034000003W;FTTH;;;;;;;;;;;;;;
PTO00033192071;BL000017759852;;;0;;;;;;;HABITATION;HABITATION;;;;IM00000000000000000000000ID-3003400002KO;FTTH;;;;;;;;;;;;;;
PTO00000308071;BL000008075730;;;0;;;;;;;HABITATION;HABITATION;;;;IM00000000000000000000000ID-30034000007T;FTTH;;;;;;;;;;;;;;
PTO00000480241;BL000008075698;;;0;;;;;;;HABITATION;HABITATION;;;;IM00000000000000000000000ID-30034000001M;FTTH;;;;;;;;;;;;;;
PTO00092328751;BL000008075698;;;0;;;;;;;HABITATION;HABITATION;;;;IM00000000000000000000000ID-30034000001M;FTTH;;;;;;;;;;;;;;
PTO00009110631;BL000008075714;;;0;;;;;;;HABITATION;HABITATION;;;;IM00000000000000000000000ID-30034000001L;FTTH;;;;;;;;;;;;;;
PTO00009299401;BL000008075714;;;0;;;;;;;HABITATION;HABITATION;;;;IM00000000000000000000000ID-30034000001G;FTTH;;;;;;;;;;;;;;
PTO00043325331;BL000008075039;;;0;;;;;;;HABITATION;HABITATION;;;;IM00000000000000000000000ID-30034000006R;FTTH;;;;;;;;;;;;;;
PTO00047591891;BL000008075673;;;0;;;;;;;HABITATION;HABITATION;;;;IM00000000000000000000000ID-300340000025;FTTH;;;;;;;;;;;;;;
PTO00049392871;BL000008075665;;;0;;;;;;;HABITATION;HABITATION;;;;IM00000000000000000000000ID-30034000004X;FTTH;;;;;;;;;;;;;;
PTO00004750861;BL000008075349;;;0;;;;;;;HABITATION;HABITATION;;;;IM00000000000000000000000ID-30034000005A;FTTH;;;;;;;;;;;;;;
PTO00036083031;BL000008074734;;;0;;;;;;;HABITATION;HABITATION;;;;IM00000000000000000000000ID-30034000006C;FTTH;;;;;;;;;;;;;;
PTO00041488981;BL000008075360;;;0;;;;;;;HABITATION;HABITATION;;;;IM00000000000000000000000ID-30034000002J;FTTH;;;;;;;;;;;;;;
PTO00000290141;BL000008075697;;;0;;;;;;;HABITATION;HABITATION;;;;IM00000000000000000000000ID-30034000002N;FTTH;;;;;;;;;;;;;;
PTO00014966841;BL000008075353;;;0;;;;;;;HABITATION;HABITATION;;;;IM00000000000000000000000ID-300340000077;FTTH;;;;;;;;;;;;;;
PTO00014646641;BL000008075353;;;0;;;;;;;HABITATION;HABITATION;;;;IM00000000000000000000000ID-30034000005F;FTTH;;;;;;;;;;;;;;
PTO00045811411;BL000008075729;;;0;;;;;;;HABITATION;HABITATION;;;;IM00000000000000000000000ID-30034000005Z;FTTH;;;;;;;;;;;;;;
PTO00045785011;BL000008075729;;;0;;;;;;;HABITATION;HABITATION;;;;IM00000000000000000000000ID-30034000007V;FTTH;;;;;;;;;;;;;;
PTO00098946981;BL000008075693;;;0;;;;;;;HABITATION;HABITATION;;;;IM00000000000000000000000ID-30034000004L;FTTH;;;;;;;;;;;;;;
PTO00050765591;BL000008075357;;;0;;;;;;;HABITATION;HABITATION;;;;IM00000000000000000000000ID-30034000003B;FTTH;;;;;;;;;;;;;;
PTO00043355821;BL000008074733;;;0;;;;;;;HABITATION;HABITATION;;;;IM00000000000000000000000ID-300340000051;FTTH;;;;;;;;;;;;;;
PTO00043319641;BL000008074733;;;0;;;;;;;HABITATION;HABITATION;;;;IM00000000000000000000000ID-30034000005O;FTTH;;;;;;;;;;;;;;
PTO00047520111;BL000008075348;;;0;;;;;;;HABITATION;HABITATION;;;;IM00000000000000000000000ID-30034000007N;FTTH;;;;;;;;;;;;;;
PTO00002845621;BL000008075731;;;0;;;;;;;HABITATION;HABITATION;;;;IM00000000000000000000000ID-30034000008K;FTTH;;;;;;;;;;;;;;
PTO00034261011;BL000008075350;;;0;;;;;;;HABITATION;HABITATION;;;;IM00000000000000000000000ID-300340000074;FTTH;;;;;;;;;;;;;;
PTO00049365051;BL000008075685;;;0;;;;;;;HABITATION;HABITATION;;;;IM00000000000000000000000ID-30034000004S;FTTH;;;;;;;;;;;;;;
PTO00034391721;BL000008075354;;;0;;;;;;;HABITATION;HABITATION;;;;IM00000000000000000000000ID-300340000075;FTTH;;;;;;;;;;;;;;
PTO00034545091;BL000008075354;;;0;;;;;;;HABITATION;HABITATION;;;;IM00000000000000000000000ID-30034000005C;FTTH;;;;;;;;;;;;;;
PTO00051202281;BL000008075700;;;0;;;;;;;HABITATION;HABITATION;;;;IM00000000000000000000000ID-30034000003K;FTTH;;;;;;;;;;;;;;
PTO00092294181;BL000008075703;;;0;;;;;;;HABITATION;HABITATION;;;;IM00000000000000000000000ID-30034000003G;FTTH;;;;;;;;;;;;;;
PTO00098797481;BL000008075678;;;0;;;;;;;HABITATION;HABITATION;;;;IM00000000000000000000000ID-30034000008S;FTTH;;;;;;;;;;;;;;
PTO00098973781;BL000008075678;;;0;;;;;;;HABITATION;HABITATION;;;;IM00000000000000000000000ID-30034000008S;FTTH;;;;;;;;;;;;;;
PTO00087627821;BL000008075730;;;0;;;;;;;HABITATION;HABITATION;;;;IM00000000000000000000000ID-30034000007J;FTTH;;;;;;;;;;;;;;
PTO00097661921;BL000008075730;;;0;;;;;;;HABITATION;HABITATION;;;;IM00000000000000000000000ID-30034000007L;FTTH;;;;;;;;;;;;;;
PTO00067953061;BL000008075698;;;0;;;;;;;HABITATION;HABITATION;;;;IM00000000000000000000000ID-30034000001M;FTTH;;;;;;;;;;;;;;
PTO00041973711;BL000008075683;;;0;;;;;;;HABITATION;HABITATION;;;;IM00000000000000000000000ID-30034000002T;FTTH;;;;;;;;;;;;;;
PTO00046620981;BL000008075686;;;0;;;;;;;HABITATION;HABITATION;;;;IM00000000000000000000000ID-30034000003Y;FTTH;;;;;;;;;;;;;;
PTO00048216651;BL000008075351;;;0;;;;;;;HABITATION;HABITATION;;;;IM00000000000000000000000ID-30034000007A;FTTH;;;;;;;;;;;;;;
PTO00083418951;BL000008075665;;;0;;;;;;;HABITATION;HABITATION;;;;IM00000000000000000000000ID-30034000006Z;FTTH;;;;;;;;;;;;;;
PTO00049362881;BL000008075665;;;0;;;;;;;HABITATION;HABITATION;;;;IM00000000000000000000000ID-300340000070;FTTH;;;;;;;;;;;;;;
PTO00004567811;BL000008075349;;;0;;;;;;;HABITATION;HABITATION;;;;IM00000000000000000000000ID-300340000058;FTTH;;;;;;;;;;;;;;
PTO00087528881;BL000008075349;;;0;;;;;;;HABITATION;HABITATION;;;;IM00000000000000000000000ID-30034000005A;FTTH;;;;;;;;;;;;;;
PTO00100478531;BL000008075690;;;0;;;;;;;HABITATION;HABITATION;;;;IM00000000000000000000000ID-30034000006F;FTTH;;;;;;;;;;;;;;
PTO00032849671;BL000008074736;;;0;;;;;;;HABITATION;HABITATION;;;;IM00000000000000000000000ID-30034000007I;FTTH;;;;;;;;;;;;;;
PTO00052042101;BL000008075715;;;0;;;;;;;HABITATION;HABITATION;;;;IM00000000000000000000000ID-30034000001F;FTTH;;;;;;;;;;;;;;
PTO00035881371;BL000008075713;;;0;;;;;;;HABITATION;HABITATION;;;;IM00000000000000000000000ID-30034000001E;FTTH;;;;;;;;;;;;;;
PTO00043413211;BL000008075680;;;0;;;;;;;HABITATION;HABITATION;;;;IM00000000000000000000000ID-30034000005X;FTTH;;;;;;;;;;;;;;
PTO00014869851;BL000008075353;;;0;;;;;;;HABITATION;HABITATION;;;;IM00000000000000000000000ID-30034000005G;FTTH;;;;;;;;;;;;;;
PTO00045812071;BL000008075729;;;0;;;;;;;HABITATION;HABITATION;;;;IM00000000000000000000000ID-30034000005Y;FTTH;;;;;;;;;;;;;;
PTO00045822191;BL000008075729;;;0;;;;;;;HABITATION;HABITATION;;;;IM00000000000000000000000ID-300340000060;FTTH;;;;;;;;;;;;;;
PTO00083751081;BL000008075693;;;0;;;;;;;HABITATION;HABITATION;;;;IM00000000000000000000000ID-30034000000S;FTTH;;;;;;;;;;;;;;
PTO00000363231;BL000008075733;;;0;;;;;;;HABITATION;HABITATION;;;;IM00000000000000000000000ID-30034000001N;FTTH;;;;;;;;;;;;;;
PTO00000357131;BL000008075675;;;0;;;;;;;HABITATION;HABITATION;;;;IM00000000000000000000000ID-300340000036;FTTH;;;;;;;;;;;;;;
PTO00000294851;BL000008075675;;;0;;;;;;;HABITATION;HABITATION;;;;IM00000000000000000000000ID-300340000014;FTTH;;;;;;;;;;;;;;
PTO00050292061;BL000008075681;;;0;;;;;;;HABITATION;HABITATION;;;;IM00000000000000000000000ID-30034000001W;FTTH;;;;;;;;;;;;;;
PTO00050270651;BL000008075681;;;0;;;;;;;HABITATION;HABITATION;;;;IM00000000000000000000000ID-30034000001U;FTTH;;;;;;;;;;;;;;
PTO00035964881;BL000008074735;;;0;;;;;;;HABITATION;HABITATION;;;;IM00000000000000000000000ID-300340000067;FTTH;;;;;;;;;;;;;;
PTO00002718761;BL000008075667;;;0;;;;;;;HABITATION;HABITATION;;;;IM00000000000000000000000ID-30034000006Y;FTTH;;;;;;;;;;;;;;
PTO00039187001;BL000008075699;;;0;;;;;;;HABITATION;HABITATION;;;;IM00000000000000000000000ID-30034000000A;FTTH;;;;;;;;;;;;;;
PTO00094495591;BL000008075358;;;0;;;;;;;HABITATION;HABITATION;;;;IM00000000000000000000000ID-30034000001Y;FTTH;;;;;;;;;;;;;;
PTO00047928871;BL000008075352;;;0;;;;;;;HABITATION;HABITATION;;;;IM00000000000000000000000ID-30034000005K;FTTH;;;;;;;;;;;;;;
PTO00050645261;BL000016647843;;;0;;;;;;;ESCALIER-1;ETAGE-01;;;;IM00000000000000000000000ID-3003400002JY;FTTH;;;;;;;;;;;;;;
PTO00035156871;BL000017660965;;;0;;;;;;;ESCALIER-1;ETAGE-RDC;;;;IM00000000000000000000000ID-30034000000N;FTTH;;;;;;;;;;;;;;
PTO00049296501;BL000008075347;;;0;;;;;;;HABITATION;HABITATION;;;;IM00000000000000000000000ID-30034000006G;FTTH;;;;;;;;;;;;;;
PTO00023312481;BL000008075359;;;0;;;;;;;HABITATION;HABITATION;;;;IM00000000000000000000000ID-30034000000V;FTTH;;;;;;;;;;;;;;
PTO00087846951;BL000008075684;;;0;;;;;;;HABITATION;HABITATION;;;;IM00000000000000000000000ID-30034000028G;FTTH;;;;;;;;;;;;;;
PTO00012359461;BL000008075684;;;0;;;;;;;HABITATION;HABITATION;;;;IM00000000000000000000000ID-30034000008W;FTTH;;;;;;;;;;;;;;
PTO00000406431;BL000008075703;;;0;;;;;;;HABITATION;HABITATION;;;;IM00000000000000000000000ID-30034000003F;FTTH;;;;;;;;;;;;;;
PTO00049362851;BL000008075688;;;0;;;;;;;HABITATION;HABITATION;;;;IM00000000000000000000000ID-30034000004Q;FTTH;;;;;;;;;;;;;;
PTO00043350541;BL000008075039;;;0;;;;;;;HABITATION;HABITATION;;;;IM00000000000000000000000ID-30034000007F;FTTH;;;;;;;;;;;;;;
PTO00041943851;BL000008075683;;;0;;;;;;;HABITATION;HABITATION;;;;IM00000000000000000000000ID-30034000002X;FTTH;;;;;;;;;;;;;;
PTO00046574981;BL000008075686;;;0;;;;;;;HABITATION;HABITATION;;;;IM00000000000000000000000ID-30034000004G;FTTH;;;;;;;;;;;;;;
PTO00047672811;BL000008075673;;;0;;;;;;;HABITATION;HABITATION;;;;IM00000000000000000000000ID-300340000011;FTTH;;;;;;;;;;;;;;
PTO00095545291;BL000008075351;;;0;;;;;;;HABITATION;HABITATION;;;;IM00000000000000000000000ID-30034000005L;FTTH;;;;;;;;;;;;;;
PTO00037543281;BL000008075672;;;0;;;;;;;HABITATION;HABITATION;;;;IM00000000000000000000000ID-300340000091;FTTH;;;;;;;;;;;;;;
PTO00000471481;BL000008075697;;;0;;;;;;;HABITATION;HABITATION;;;;IM00000000000000000000000ID-30034000002K;FTTH;;;;;;;;;;;;;;
PTO00010745351;BL000008075679;;;0;;;;;;;HABITATION;HABITATION;;;;IM00000000000000000000000ID-30034000005S;FTTH;;;;;;;;;;;;;;
PTO00012653461;BL000008075733;;;0;;;;;;;HABITATION;HABITATION;;;;IM00000000000000000000000ID-3003400002JS;FTTH;;;;;;;;;;;;;;
PTO00048322231;BL000008075677;;;0;;;;;;;HABITATION;HABITATION;;;;IM00000000000000000000000ID-30034000008B;FTTH;;;;;;;;;;;;;;
PTO00095511801;BL000008075677;;;0;;;;;;;HABITATION;HABITATION;;;;IM00000000000000000000000ID-30034000008A;FTTH;;;;;;;;;;;;;;
PTO00045722471;BL000008075054;;;0;;;;;;;HABITATION;HABITATION;;;;IM00000000000000000000000ID-300340000098;FTTH;;;;;;;;;;;;;;
PTO00002845811;BL000008075731;;;0;;;;;;;HABITATION;HABITATION;;;;IM00000000000000000000000ID-30034000007Z;FTTH;;;;;;;;;;;;;;
PTO00092668191;BL000008075671;;;0;;;;;;;HABITATION;HABITATION;;;;IM00000000000000000000000ID-300340000271;FTTH;;;;;;;;;;;;;;
PTO00082953611;BL000008075675;;;0;;;;;;;HABITATION;HABITATION;;;;IM00000000000000000000000ID-300340000015;FTTH;;;;;;;;;;;;;;
PTO00034261061;BL000008075350;;;0;;;;;;;HABITATION;HABITATION;;;;IM00000000000000000000000ID-300340000055;FTTH;;;;;;;;;;;;;;
PTO00034302701;BL000008075350;;;0;;;;;;;HABITATION;HABITATION;;;;IM00000000000000000000000ID-300340000054;FTTH;;;;;;;;;;;;;;
PTO00092510931;BL000008075699;;;0;;;;;;;HABITATION;HABITATION;;;;IM00000000000000000000000ID-30034000000A;FTTH;;;;;;;;;;;;;;
PTO00086981901;BL000008075699;;;0;;;;;;;HABITATION;HABITATION;;;;IM00000000000000000000000ID-30034000000A;FTTH;;;;;;;;;;;;;;
PTO00092320741;BL000008075358;;;0;;;;;;;HABITATION;HABITATION;;;;IM00000000000000000000000ID-30034000001Y;FTTH;;;;;;;;;;;;;;
PTO00044267321;BL000008075346;;;0;;;;;;;HABITATION;HABITATION;;;;IM00000000000000000000000ID-30034000008H;FTTH;;;;;;;;;;;;;;
PTO00047949551;BL000008075352;;;0;;;;;;;HABITATION;HABITATION;;;;IM00000000000000000000000ID-30034000005M;FTTH;;;;;;;;;;;;;;
PTO00047946921;BL000008075352;;;0;;;;;;;HABITATION;HABITATION;;;;IM00000000000000000000000ID-300340000079;FTTH;;;;;;;;;;;;;;
PTO00035466761;BL000017660965;;;0;;;;;;;ESCALIER-1;ETAGE-RDC;;;;IM00000000000000000000000ID-30034000000N;FTTH;;;;;;;;;;;;;;
LC000000000001;BL000008075666;;;0;;;;;;;HABITATION;HABITATION;;;;IM00000000000000000000000ID-30034000008V;FTTH;;;;;;;;;;;;;;
LC000000000002;BL000008075683;;;0;;;;;;;HABITATION;HABITATION;;;;IM00000000000000000000000ID-30034000002T;FTTH;;;;;;;;;;;;;;
LC000000000003;BL000008075358;;;0;;;;;;;HABITATION;HABITATION;;;;IM00000000000000000000000ID-300340000020;FTTH;;;;;;;;;;;;;;
LC000000000004;BL000008075680;;;0;;;;;;;HABITATION;HABITATION;;;;IM00000000000000000000000ID-30034000005U;FTTH;;;;;;;;;;;;;;
LC000000000005;BL000008075714;;;0;;;;;;;HABITATION;HABITATION;;;;IM00000000000000000000000ID-30034000001J;FTTH;;;;;;;;;;;;;;
LC000000000006;BL000008075672;;;0;;;;;;;HABITATION;HABITATION;;;;IM00000000000000000000000ID-30034000003D;FTTH;;;;;;;;;;;;;;
LC000000000007;BL000008074736;;;0;;;;;;;HABITATION;HABITATION;;;;IM00000000000000000000000ID-3003400002QL;FTTH;;;;;;;;;;;;;;
LC000000000008;BL000008075674;;;0;;;;;;;HABITATION;HABITATION;;;;IM00000000000000000000000ID-30034000004Z;FTTH;;;;;;;;;;;;;;
LC000000000009;BL000008075052;;;0;;;;;;;HABITATION;HABITATION;;;;IM00000000000000000000000ID-30034000002Q;FTTH;;;;;;;;;;;;;;
LC000000000010;BL000008075669;;;0;;;;;;;HABITATION;HABITATION;;;;IM00000000000000000000000ID-30034000009B;FTTH;;;;;;;;;;;;;;
LC000000000011;BL000008075700;;;0;;;;;;;HABITATION;HABITATION;;;;IM00000000000000000000000ID-30034000003I;FTTH;;;;;;;;;;;;;;
LC000000000012;BL000008075698;;;0;;;;;;;HABITATION;HABITATION;;;;IM00000000000000000000000ID-30034000001P;FTTH;;;;;;;;;;;;;;
LC000000000013;BL000008075046;;;0;;;;;;;HABITATION;HABITATION;;;;IM00000000000000000000000ID-30034000000U;FTTH;;;;;;;;;;;;;;
LC000000000014;BL000008075676;;;0;;;;;;;HABITATION;HABITATION;;;;IM00000000000000000000000ID-300340000071;FTTH;;;;;;;;;;;;;;
LC000000000015;BL000008075697;;;0;;;;;;;HABITATION;HABITATION;;;;IM00000000000000000000000ID-30034000002S;FTTH;;;;;;;;;;;;;;
LC000000000016;BL000008075346;;;0;;;;;;;HABITATION;HABITATION;;;;IM00000000000000000000000ID-30034000008I;FTTH;;;;;;;;;;;;;;
LC000000000017;BL000008075353;;;0;;;;;;;HABITATION;HABITATION;;;;IM00000000000000000000000ID-30034000005D;FTTH;;;;;;;;;;;;;;
LC000000000018;BL000008075052;;;0;;;;;;;HABITATION;HABITATION;;;;IM00000000000000000000000ID-30034000002C;FTTH;;;;;;;;;;;;;;
LC000000000019;BL000008075699;;;0;;;;;;;HABITATION;HABITATION;;;;IM00000000000000000000000ID-30034000000X;FTTH;;;;;;;;;;;;;;
LC000000000020;BL000017660965;;;0;;;;;;;ESCALIER-1;ETAGE-RDC;;;;IM00000000000000000000000ID-30034000000N;FTTH;;;;;;;;;;;;;;
LC000000000021;BL000008075346;;;0;;;;;;;HABITATION;HABITATION;;;;IM00000000000000000000000ID-30034000008E;FTTH;;;;;;;;;;;;;;
LC000000000022;BL000017759852;;;0;;;;;;;HABITATION;HABITATION;;;;IM00000000000000000000000ID-3003400002KO;FTTH;;;;;;;;;;;;;;
LC000000000023;BL000017759852;;;0;;;;;;;HABITATION;HABITATION;;;;IM00000000000000000000000ID-3003400002KO;FTTH;;;;;;;;;;;;;;
LC000000000024;BL000008075053;;;0;;;;;;;HABITATION;HABITATION;;;;IM00000000000000000000000ID-30034000008Z;FTTH;;;;;;;;;;;;;;
LC000000000025;BL000008075684;;;0;;;;;;;HABITATION;HABITATION;;;;IM00000000000000000000000ID-30034000009D;FTTH;;;;;;;;;;;;;;
LC000000000026;BL000008075686;;;0;;;;;;;HABITATION;HABITATION;;;;IM00000000000000000000000ID-300340000041;FTTH;;;;;;;;;;;;;;
LC000000000027;BL000008075677;;;0;;;;;;;HABITATION;HABITATION;;;;IM00000000000000000000000ID-300340000089;FTTH;;;;;;;;;;;;;;
LC000000000028;BL000008075688;;;0;;;;;;;HABITATION;HABITATION;;;;IM00000000000000000000000ID-30034000003T;FTTH;;;;;;;;;;;;;;
LC000000000029;BL000008075355;;;0;;;;;;;HABITATION;HABITATION;;;;IM00000000000000000000000ID-30034000028N;FTTH;;;;;;;;;;;;;;
LC000000000030;BL000008075670;;;0;;;;;;;HABITATION;HABITATION;;;;IM00000000000000000000000ID-30034000009F;FTTH;;;;;;;;;;;;;;
LC000000000031;BL000008075356;;;0;;;;;;;HABITATION;HABITATION;;;;IM00000000000000000000000ID-30034000004O;FTTH;;;;;;;;;;;;;;
LC000000000032;BL000008075056;;;0;;;;;;;HABITATION;HABITATION;;;;IM00000000000000000000000ID-30034000026V;FTTH;;;;;;;;;;;;;;
LC000000000033;BL000008075054;;;0;;;;;;;HABITATION;HABITATION;;;;IM00000000000000000000000ID-300340000073;FTTH;;;;;;;;;;;;;;
LC000000000034;BL000008075715;;;0;;;;;;;HABITATION;HABITATION;;;;IM00000000000000000000000ID-30034000002Y;FTTH;;;;;;;;;;;;;;
LC000000000035;BL000008075701;;;0;;;;;;;HABITATION;HABITATION;;;;IM00000000000000000000000ID-300340000045;FTTH;;;;;;;;;;;;;;
LC000000000036;BL000008075689;;;0;;;;;;;HABITATION;HABITATION;;;;IM00000000000000000000000ID-30034000003Q;FTTH;;;;;;;;;;;;;;
LC000000000037;BL000008075046;;;0;;;;;;;HABITATION;HABITATION;;;;IM00000000000000000000000ID-3003400002QI;FTTH;;;;;;;;;;;;;;
LC000000000038;BL000008075690;;;0;;;;;;;HABITATION;HABITATION;;;;IM00000000000000000000000ID-300340000021;FTTH;;;;;;;;;;;;;;
LC000000000039;BL000008075348;;;0;;;;;;;HABITATION;HABITATION;;;;IM00000000000000000000000ID-30034000007Q;FTTH;;;;;;;;;;;;;;
LC000000000040;BL000008075682;;;0;;;;;;;HABITATION;HABITATION;;;;IM00000000000000000000000ID-30034000001T;FTTH;;;;;;;;;;;;;;
LC000000000041;BL000008075359;;;0;;;;;;;HABITATION;HABITATION;;;;IM00000000000000000000000ID-30034000000V;FTTH;;;;;;;;;;;;;;
LC000000000042;BL000008075039;;;0;;;;;;;HABITATION;HABITATION;;;;IM00000000000000000000000ID-30034000006P;FTTH;;;;;;;;;;;;;;
LC000000000043;BL000008075690;;;0;;;;;;;HABITATION;HABITATION;;;;IM00000000000000000000000ID-300340000028;FTTH;;;;;;;;;;;;;;
LC000000000044;BL000008075056;;;0;;;;;;;HABITATION;HABITATION;;;;IM00000000000000000000000ID-30034000026X;FTTH;;;;;;;;;;;;;;
LC000000000045;BL000008075056;;;0;;;;;;;HABITATION;HABITATION;;;;IM00000000000000000000000ID-30034000026X;FTTH;;;;;;;;;;;;;;
LC000000000046;BL000008075665;;;0;;;;;;;HABITATION;HABITATION;;;;IM00000000000000000000000ID-300340000094;FTTH;;;;;;;;;;;;;;
LC000000000047;BL000008075687;;;0;;;;;;;HABITATION;HABITATION;;;;IM00000000000000000000000ID-30034000004D;FTTH;;;;;;;;;;;;;;
LC000000000048;BL000008075356;;;0;;;;;;;HABITATION;HABITATION;;;;IM00000000000000000000000ID-30034000023K;FTTH;;;;;;;;;;;;;;
LC000000000049;BL000008075701;;;0;;;;;;;HABITATION;HABITATION;;;;IM00000000000000000000000ID-300340000046;FTTH;;;;;;;;;;;;;;
LC000000000050;BL000008075039;;;0;;;;;;;HABITATION;HABITATION;;;;IM00000000000000000000000ID-30034000006T;FTTH;;;;;;;;;;;;;;
LC000000000051;BL000008075688;;;0;;;;;;;HABITATION;HABITATION;;;;IM00000000000000000000000ID-30034000003U;FTTH;;;;;;;;;;;;;;
LC000000000052;BL000008075702;;;0;;;;;;;HABITATION;HABITATION;;;;IM00000000000000000000000ID-30034000003P;FTTH;;;;;;;;;;;;;;
LC000000000053;BL000008075714;;;0;;;;;;;HABITATION;HABITATION;;;;IM00000000000000000000000ID-30034000001K;FTTH;;;;;;;;;;;;;;
LC000000000054;BL000008075047;;;0;;;;;;;HABITATION;HABITATION;;;;IM00000000000000000000000ID-30034000000O;FTTH;;;;;;;;;;;;;;
LC000000000055;BL000008075678;;;0;;;;;;;HABITATION;HABITATION;;;;IM00000000000000000000000ID-30034000008O;FTTH;;;;;;;;;;;;;;
LC000000000056;BL000008074735;;;0;;;;;;;HABITATION;HABITATION;;;;IM00000000000000000000000ID-300340000065;FTTH;;;;;;;;;;;;;;
LC000000000057;BL000008075714;;;0;;;;;;;HABITATION;HABITATION;;;;IM00000000000000000000000ID-30034000001I;FTTH;;;;;;;;;;;;;;
LC000000000058;BL000008075047;;;0;;;;;;;HABITATION;HABITATION;;;;IM00000000000000000000000ID-300340000031;FTTH;;;;;;;;;;;;;;
LC000000000059;BL000008075347;;;0;;;;;;;HABITATION;HABITATION;;;;IM00000000000000000000000ID-30034000006E;FTTH;;;;;;;;;;;;;;
LC000000000060;BL000008075054;;;0;;;;;;;HABITATION;HABITATION;;;;IM00000000000000000000000ID-30034000009A;FTTH;;;;;;;;;;;;;;
LC000000000061;BL000008075054;;;0;;;;;;;HABITATION;HABITATION;;;;IM00000000000000000000000ID-300340000090;FTTH;;;;;;;;;;;;;;
LC000000000062;BL000008075359;;;0;;;;;;;HABITATION;HABITATION;;;;IM00000000000000000000000ID-30034000000T;FTTH;;;;;;;;;;;;;;
LC000000000063;BL000008075359;;;0;;;;;;;HABITATION;HABITATION;;;;IM00000000000000000000000ID-30034000000T;FTTH;;;;;;;;;;;;;;
LC000000000064;BL000008075356;;;0;;;;;;;HABITATION;HABITATION;;;;IM00000000000000000000000ID-30034000003E;FTTH;;;;;;;;;;;;;;
LC000000000065;BL000008075675;;;0;;;;;;;HABITATION;HABITATION;;;;IM00000000000000000000000ID-300340000015;FTTH;;;;;;;;;;;;;;
LC000000000066;BL000008075056;;;0;;;;;;;HABITATION;HABITATION;;;;IM00000000000000000000000ID-30034000003A;FTTH;;;;;;;;;;;;;;
LC000000000067;BL000008075675;;;0;;;;;;;HABITATION;HABITATION;;;;IM00000000000000000000000ID-30034000000Y;FTTH;;;;;;;;;;;;;;
LC000000000068;BL000008075672;;;0;;;;;;;HABITATION;HABITATION;;;;IM00000000000000000000000ID-30034000003C;FTTH;;;;;;;;;;;;;;
LC000000000069;BL000008075700;;;0;;;;;;;HABITATION;HABITATION;;;;IM00000000000000000000000ID-300340000044;FTTH;;;;;;;;;;;;;;
LC000000000070;BL000008075690;;;0;;;;;;;HABITATION;HABITATION;;;;IM00000000000000000000000ID-30034000002E;FTTH;;;;;;;;;;;;;;
LC000000000071;BL000008075676;;;0;;;;;;;HABITATION;HABITATION;;;;IM00000000000000000000000ID-30034000004K;FTTH;;;;;;;;;;;;;;
LC000000000072;BL000008075666;;;0;;;;;;;HABITATION;HABITATION;;;;IM00000000000000000000000ID-30034000004V;FTTH;;;;;;;;;;;;;;
LC000000000073;BL000008075670;;;0;;;;;;;HABITATION;HABITATION;;;;IM00000000000000000000000ID-30034000029B;FTTH;;;;;;;;;;;;;;
LC000000000074;BL000017759852;;;0;;;;;;;HABITATION;HABITATION;;;;IM00000000000000000000000ID-30034000000W;FTTH;;;;;;;;;;;;;;
LC000000000075;BL000017759852;;;0;;;;;;;HABITATION;HABITATION;;;;IM00000000000000000000000ID-30034000000W;FTTH;;;;;;;;;;;;;;
LC000000000076;BL000008075677;;;0;;;;;;;HABITATION;HABITATION;;;;IM00000000000000000000000ID-300340000085;FTTH;;;;;;;;;;;;;;
LC000000000077;BL000008075690;;;0;;;;;;;HABITATION;HABITATION;;;;IM00000000000000000000000ID-30034000002R;FTTH;;;;;;;;;;;;;;
LC000000000078;BL000008075353;;;0;;;;;;;HABITATION;HABITATION;;;;IM00000000000000000000000ID-300340000076;FTTH;;;;;;;;;;;;;;
LC000000000079;BL000008075686;;;0;;;;;;;HABITATION;HABITATION;;;;IM00000000000000000000000ID-300340000042;FTTH;;;;;;;;;;;;;;
LC000000000080;BL000008075697;;;0;;;;;;;HABITATION;HABITATION;;;;IM00000000000000000000000ID-30034000002M;FTTH;;;;;;;;;;;;;;
LC000000000081;BL000008075692;;;0;;;;;;;HABITATION;HABITATION;;;;IM00000000000000000000000ID-300340000272;FTTH;;;;;;;;;;;;;;
LC000000000082;BL000008075047;;;0;;;;;;;HABITATION;HABITATION;;;;IM00000000000000000000000ID-30034000002O;FTTH;;;;;;;;;;;;;;
LC000000000083;BL000008075047;;;0;;;;;;;HABITATION;HABITATION;;;;IM00000000000000000000000ID-30034000002O;FTTH;;;;;;;;;;;;;;
LC000000000084;BL000008075047;;;0;;;;;;;HABITATION;HABITATION;;;;IM00000000000000000000000ID-30034000002O;FTTH;;;;;;;;;;;;;;
LC000000000085;BL000008075715;;;0;;;;;;;HABITATION;HABITATION;;;;IM00000000000000000000000ID-30034000001H;FTTH;;;;;;;;;;;;;;
LC000000000086;BL000008075055;;;0;;;;;;;HABITATION;HABITATION;;;;IM00000000000000000000000ID-300340000018;FTTH;;;;;;;;;;;;;;
LC000000000087;BL000008075697;;;0;;;;;;;HABITATION;HABITATION;;;;IM00000000000000000000000ID-30034000002K;FTTH;;;;;;;;;;;;;;
LC000000000088;BL000008075685;;;0;;;;;;;HABITATION;HABITATION;;;;IM00000000000000000000000ID-300340000066;FTTH;;;;;;;;;;;;;;
LC000000000089;BL000008075040;;;0;;;;;;;HABITATION;HABITATION;;;;IM00000000000000000000000ID-30034000006I;FTTH;;;;;;;;;;;;;;
LC000000000090;BL000008075682;;;0;;;;;;;HABITATION;HABITATION;;;;IM00000000000000000000000ID-300340000038;FTTH;;;;;;;;;;;;;;
LC000000000091;BL000008075047;;;0;;;;;;;HABITATION;HABITATION;;;;IM00000000000000000000000ID-300340000033;FTTH;;;;;;;;;;;;;;
LC000000000092;BL000008075713;;;0;;;;;;;HABITATION;HABITATION;;;;IM00000000000000000000000ID-30034000001A;FTTH;;;;;;;;;;;;;;
LC000000000093;BL000008075357;;;0;;;;;;;HABITATION;HABITATION;;;;IM00000000000000000000000ID-30034000002P;FTTH;;;;;;;;;;;;;;
LC000000000094;BL000008075054;;;0;;;;;;;HABITATION;HABITATION;;;;IM00000000000000000000000ID-30034000004T;FTTH;;;;;;;;;;;;;;
LC000000000095;BL000008075682;;;0;;;;;;;HABITATION;HABITATION;;;;IM00000000000000000000000ID-300340000030;FTTH;;;;;;;;;;;;;;
LC000000000096;BL000008075356;;;0;;;;;;;HABITATION;HABITATION;;;;IM00000000000000000000000ID-300340000020;FTTH;;;;;;;;;;;;;;
LC000000000097;BL000008075690;;;0;;;;;;;HABITATION;HABITATION;;;;IM00000000000000000000000ID-30034000026Z;FTTH;;;;;;;;;;;;;;
LC000000000098;BL000008075684;;;0;;;;;;;HABITATION;HABITATION;;;;IM00000000000000000000000ID-30034000009H;FTTH;;;;;;;;;;;;;;
LC000000000099;BL000008075666;;;0;;;;;;;HABITATION;HABITATION;;;;IM00000000000000000000000ID-30034000008U;FTTH;;;;;;;;;;;;;;
LC000000000100;BL000016647843;;;0;;;;;;;ESCALIER-1;ETAGE-01;;;;IM00000000000000000000000ID-3003400002JY;FTTH;;;;;;;;;;;;;;
LC000000000101;BL000016647843;;;0;;;;;;;ESCALIER-1;ETAGE-01;;;;IM00000000000000000000000ID-3003400002JY;FTTH;;;;;;;;;;;;;;
LC000000000102;BL000016647843;;;0;;;;;;;ESCALIER-1;ETAGE-01;;;;IM00000000000000000000000ID-3003400002JY;FTTH;;;;;;;;;;;;;;
LC000000000103;BL000016647843;;;0;;;;;;;ESCALIER-1;ETAGE-01;;;;IM00000000000000000000000ID-3003400002JY;FTTH;;;;;;;;;;;;;;
LC000000000104;BL000016647843;;;0;;;;;;;ESCALIER-1;ETAGE-01;;;;IM00000000000000000000000ID-3003400002JY;FTTH;;;;;;;;;;;;;;
LC000000000105;BL000016647843;;;0;;;;;;;ESCALIER-1;ETAGE-01;;;;IM00000000000000000000000ID-3003400002JY;FTTH;;;;;;;;;;;;;;
LC000000000106;BL000008075357;;;0;;;;;;;HABITATION;HABITATION;;;;IM00000000000000000000000ID-30034000001Z;FTTH;;;;;;;;;;;;;;
LC000000000107;BL000008075046;;;0;;;;;;;HABITATION;HABITATION;;;;IM00000000000000000000000ID-30034000000R;FTTH;;;;;;;;;;;;;;
LC000000000108;BL000008075702;;;0;;;;;;;HABITATION;HABITATION;;;;IM00000000000000000000000ID-30034000003O;FTTH;;;;;;;;;;;;;;
LC000000000109;BL000008075703;;;0;;;;;;;HABITATION;HABITATION;;;;IM00000000000000000000000ID-30034000003H;FTTH;;;;;;;;;;;;;;
LC000000000110;BL000008075674;;;0;;;;;;;HABITATION;HABITATION;;;;IM00000000000000000000000ID-300340000012;FTTH;;;;;;;;;;;;;;
LC000000000111;BL000008075674;;;0;;;;;;;HABITATION;HABITATION;;;;IM00000000000000000000000ID-300340000012;FTTH;;;;;;;;;;;;;;
LC000000000112;BL000008075701;;;0;;;;;;;HABITATION;HABITATION;;;;IM00000000000000000000000ID-30034000003L;FTTH;;;;;;;;;;;;;;
LC000000000113;BL000008075675;;;0;;;;;;;HABITATION;HABITATION;;;;IM00000000000000000000000ID-300340000010;FTTH;;;;;;;;;;;;;;
LC000000000114;BL000008075049;;;0;;;;;;;HABITATION;HABITATION;;;;IM00000000000000000000000ID-300340000081;FTTH;;;;;;;;;;;;;;
LC000000000115;BL000008075715;;;0;;;;;;;HABITATION;HABITATION;;;;IM00000000000000000000000ID-300340000029;FTTH;;;;;;;;;;;;;;
LC000000000116;BL000008075348;;;0;;;;;;;HABITATION;HABITATION;;;;IM00000000000000000000000ID-30034000007O;FTTH;;;;;;;;;;;;;;
LC000000000117;BL000008075678;;;0;;;;;;;HABITATION;HABITATION;;;;IM00000000000000000000000ID-30034000008P;FTTH;;;;;;;;;;;;;;
LC000000000118;BL000008075349;;;0;;;;;;;HABITATION;HABITATION;;;;IM00000000000000000000000ID-300340000057;FTTH;;;;;;;;;;;;;;
LC000000000119;BL000017759852;;;0;;;;;;;HABITATION;HABITATION;;;;IM00000000000000000000000ID-30034000000P;FTTH;;;;;;;;;;;;;;
LC000000000120;BL000008075346;;;0;;;;;;;HABITATION;HABITATION;;;;IM00000000000000000000000ID-30034000006Q;FTTH;;;;;;;;;;;;;;
LC000000000121;BL000008075050;;;0;;;;;;;HABITATION;HABITATION;;;;IM00000000000000000000000ID-300340000024;FTTH;;;;;;;;;;;;;;
LC000000000122;BL000008075671;;;0;;;;;;;HABITATION;HABITATION;;;;IM00000000000000000000000ID-300340000271;FTTH;;;;;;;;;;;;;;
LC000000000123;BL000008075687;;;0;;;;;;;HABITATION;HABITATION;;;;IM00000000000000000000000ID-30034000008X;FTTH;;;;;;;;;;;;;;
LC000000000124;BL000008075348;;;0;;;;;;;HABITATION;HABITATION;;;;IM00000000000000000000000ID-30034000007R;FTTH;;;;;;;;;;;;;;
LC000000000125;BL000008075039;;;0;;;;;;;HABITATION;HABITATION;;;;IM00000000000000000000000ID-30034000004U;FTTH;;;;;;;;;;;;;;
LC000000000126;BL000008075684;;;0;;;;;;;HABITATION;HABITATION;;;;IM00000000000000000000000ID-300340000097;FTTH;;;;;;;;;;;;;;
LC000000000127;BL000008075701;;;0;;;;;;;HABITATION;HABITATION;;;;IM00000000000000000000000ID-30034000003M;FTTH;;;;;;;;;;;;;;
LC000000000128;BL000008075056;;;0;;;;;;;HABITATION;HABITATION;;;;IM00000000000000000000000ID-30034000026U;FTTH;;;;;;;;;;;;;;
LC000000000129;BL000008075687;;;0;;;;;;;HABITATION;HABITATION;;;;IM00000000000000000000000ID-30034000004E;FTTH;;;;;;;;;;;;;;
LC000000000130;BL000008075701;;;0;;;;;;;HABITATION;HABITATION;;;;IM00000000000000000000000ID-300340000048;FTTH;;;;;;;;;;;;;;
LC000000000131;BL000008075700;;;0;;;;;;;HABITATION;HABITATION;;;;IM00000000000000000000000ID-30034000003J;FTTH;;;;;;;;;;;;;;
LC000000000132;BL000008075055;;;0;;;;;;;HABITATION;HABITATION;;;;IM00000000000000000000000ID-300340000017;FTTH;;;;;;;;;;;;;;
LC000000000133;BL000008075055;;;0;;;;;;;HABITATION;HABITATION;;;;IM00000000000000000000000ID-300340000017;FTTH;;;;;;;;;;;;;;
LC000000000134;BL000008075674;;;0;;;;;;;HABITATION;HABITATION;;;;IM00000000000000000000000ID-300340000032;FTTH;;;;;;;;;;;;;;
LC000000000135;BL000008075703;;;0;;;;;;;HABITATION;HABITATION;;;;IM00000000000000000000000ID-3003400002QJ;FTTH;;;;;;;;;;;;;;
LC000000000136;BL000008074734;;;0;;;;;;;HABITATION;HABITATION;;;;IM00000000000000000000000ID-30034000006B;FTTH;;;;;;;;;;;;;;
LC000000000137;BL000008075702;;;0;;;;;;;HABITATION;HABITATION;;;;IM00000000000000000000000ID-30034000003N;FTTH;;;;;;;;;;;;;;
LC000000000138;BL000008075670;;;0;;;;;;;HABITATION;HABITATION;;;;IM00000000000000000000000ID-30034000009E;FTTH;;;;;;;;;;;;;;
LC000000000139;BL000008075670;;;0;;;;;;;HABITATION;HABITATION;;;;IM00000000000000000000000ID-30034000009E;FTTH;;;;;;;;;;;;;;
LC000000000140;BL000008075672;;;0;;;;;;;HABITATION;HABITATION;;;;IM00000000000000000000000ID-30034000008L;FTTH;;;;;;;;;;;;;;
LC000000000141;BL000008075055;;;0;;;;;;;HABITATION;HABITATION;;;;IM00000000000000000000000ID-3003400002QK;FTTH;;;;;;;;;;;;;;
LC000000000142;BL000008075699;;;0;;;;;;;HABITATION;HABITATION;;;;IM00000000000000000000000ID-30034000000A;FTTH;;;;;;;;;;;;;;
LC000000000143;BL000008075699;;;0;;;;;;;HABITATION;HABITATION;;;;IM00000000000000000000000ID-30034000000A;FTTH;;;;;;;;;;;;;;
LC000000000144;BL000008075053;;;0;;;;;;;HABITATION;HABITATION;;;;IM00000000000000000000000ID-30034000008G;FTTH;;;;;;;;;;;;;;
LC000000000145;BL000008075681;;;0;;;;;;;HABITATION;HABITATION;;;;IM00000000000000000000000ID-30034000001X;FTTH;;;;;;;;;;;;;;
LC000000000146;BL000008075692;;;0;;;;;;;HABITATION;HABITATION;;;;IM00000000000000000000000ID-300340000270;FTTH;;;;;;;;;;;;;;
LC000000000147;BL000008075049;;;0;;;;;;;HABITATION;HABITATION;;;;IM00000000000000000000000ID-3003400002HW;FTTH;;;;;;;;;;;;;;
LC000000000148;BL000008075682;;;0;;;;;;;HABITATION;HABITATION;;;;IM00000000000000000000000ID-30034000001R;FTTH;;;;;;;;;;;;;;
LC000000000149;BL000008075675;;;0;;;;;;;HABITATION;HABITATION;;;;IM00000000000000000000000ID-30034000004M;FTTH;;;;;;;;;;;;;;
LC000000000150;BL000016647842;;;0;;;;;;;ESCALIER-1;ETAGE-RDC;;;;IM00000000000000000000000ID-3003400002JY;FTTH;;;;;;;;;;;;;;
LC000000000151;BL000016647842;;;0;;;;;;;ESCALIER-1;ETAGE-RDC;;;;IM00000000000000000000000ID-3003400002JY;FTTH;;;;;;;;;;;;;;
LC000000000152;BL000016647842;;;0;;;;;;;ESCALIER-1;ETAGE-RDC;;;;IM00000000000000000000000ID-3003400002JY;FTTH;;;;;;;;;;;;;;
LC000000000153;BL000016647842;;;0;;;;;;;ESCALIER-1;ETAGE-RDC;;;;IM00000000000000000000000ID-3003400002JY;FTTH;;;;;;;;;;;;;;
LC000000000154;BL000016647842;;;0;;;;;;;ESCALIER-1;ETAGE-RDC;;;;IM00000000000000000000000ID-3003400002JY;FTTH;;;;;;;;;;;;;;
LC000000000155;BL000016647842;;;0;;;;;;;ESCALIER-1;ETAGE-RDC;;;;IM00000000000000000000000ID-3003400002JY;FTTH;;;;;;;;;;;;;;
LC000000000156;BL000016647842;;;0;;;;;;;ESCALIER-1;ETAGE-RDC;;;;IM00000000000000000000000ID-3003400002JY;FTTH;;;;;;;;;;;;;;
LC000000000157;BL000008075683;;;0;;;;;;;HABITATION;HABITATION;;;;IM00000000000000000000000ID-30034000000Q;FTTH;;;;;;;;;;;;;;
LC000000000158;BL000008075678;;;0;;;;;;;HABITATION;HABITATION;;;;IM00000000000000000000000ID-300340000087;FTTH;;;;;;;;;;;;;;
RO000012077479;;;12077479;0;PSIT0000000125;GSIT0000000140;REC;20191224;0;;;;E;;SRO-BPI-11365657;PE000001909509;SRO;;;;;;;;;;;;;;
RO000012949828;;;12949828;0;PSIT0000000125;GSIT0000000140;REC;20191009000000;0;;;;E;;LOCAL POP;HU000012858770;NRO;;;;;;;;;;;;;;
