st_code;st_perirec;st_nd_code;st_codeext;st_abandon;st_nra;st_prop;st_gest;st_proptyp;st_statut;st_dateins;st_avct;st_typephy;st_typelog;st_design;st_ad_code;st_postal;st_insee;st_commune;st_nomvoie;st_numero;st_rep;st_nombat;st_nom;st_user;st_etat;st_datemes;st_nblines;st_ban_id;st_section;st_idpar;st_hexacle;st_comment;st_creadat;st_majdate;st_majsrc;st_abddate;st_abdsrc
HU000012858770;;HU000012858770;12858770;0;0;PSIT0000000125;GSIT0000000140;CST;REC;;E;BAT;RESEAU;;;30300;30117;FOURQUES;du vieux Pont;2;;;;;;;;;;;;;;;;;
PE000001909509;;PE000001909509;1909509;0;0;PSIT0000000125;GSIT0000000140;CST;REC;2019-12-24 00:00:00;E;ADR;RESEAU;Ideaoptical Simple peau - IBER-C-1635;;30127;30034;BELLEGARDE;RUE;34;;;;;;;;;;;;;;;;;
IM00000000000000000000000ID-300340000011;;IM00000000000000000000000ID-300340000011;ID-300340000011;0;0;;;;;;;BAT;CLIENT;;AD00000000000000000000000ID-300340000011;;;;;0;;;;;;;;;;;;;;;;;
IM00000000000000000000000ID-30034000000N;;IM00000000000000000000000ID-30034000000N;ID-30034000000N;0;0;;;;;;;BAT;CLIENT;;AD00000000000000000000000ID-30034000000N;;;;;0;;;;;;;;;;;;;;;;;
IM00000000000000000000000ID-30034000008W;;IM00000000000000000000000ID-30034000008W;ID-30034000008W;0;0;;;;;;;BAT;CLIENT;;AD00000000000000000000000ID-30034000008W;;;;;0;;;;;;;;;;;;;;;;;
IM00000000000000000000000ID-30034000005R;;IM00000000000000000000000ID-30034000005R;ID-30034000005R;0;0;;;;;;;BAT;CLIENT;;AD00000000000000000000000ID-30034000005R;;;;;0;;;;;;;;;;;;;;;;;
IM00000000000000000000000ID-30034000007K;;IM00000000000000000000000ID-30034000007K;ID-30034000007K;0;0;;;;;;;BAT;CLIENT;;AD00000000000000000000000ID-30034000007K;;;;;0;;;;;;;;;;;;;;;;;
IM00000000000000000000000ID-30034000001S;;IM00000000000000000000000ID-30034000001S;ID-30034000001S;0;0;;;;;;;BAT;CLIENT;;AD00000000000000000000000ID-30034000001S;;;;;0;;;;;;;;;;;;;;;;;
IM00000000000000000000000ID-30034000007E;;IM00000000000000000000000ID-30034000007E;ID-30034000007E;0;0;;;;;;;BAT;CLIENT;;AD00000000000000000000000ID-30034000007E;;;;;0;;;;;;;;;;;;;;;;;
IM00000000000000000000000ID-30034000009C;;IM00000000000000000000000ID-30034000009C;ID-30034000009C;0;0;;;;;;;BAT;CLIENT;;AD00000000000000000000000ID-30034000009C;;;;;0;;;;;;;;;;;;;;;;;
IM00000000000000000000000ID-30034000002W;;IM00000000000000000000000ID-30034000002W;ID-30034000002W;0;0;;;;;;;BAT;CLIENT;;AD00000000000000000000000ID-30034000002W;;;;;0;;;;;;;;;;;;;;;;;
IM00000000000000000000000ID-300340000080;;IM00000000000000000000000ID-300340000080;ID-300340000080;0;0;;;;;;;BAT;CLIENT;;AD00000000000000000000000ID-300340000080;;;;;0;;;;;;;;;;;;;;;;;
IM00000000000000000000000ID-30034000008B;;IM00000000000000000000000ID-30034000008B;ID-30034000008B;0;0;;;;;;;BAT;CLIENT;;AD00000000000000000000000ID-30034000008B;;;;;0;;;;;;;;;;;;;;;;;
IM00000000000000000000000ID-30034000006J;;IM00000000000000000000000ID-30034000006J;ID-30034000006J;0;0;;;;;;;BAT;CLIENT;;AD00000000000000000000000ID-30034000006J;;;;;0;;;;;;;;;;;;;;;;;
IM00000000000000000000000ID-30034000005S;;IM00000000000000000000000ID-30034000005S;ID-30034000005S;0;0;;;;;;;BAT;CLIENT;;AD00000000000000000000000ID-30034000005S;;;;;0;;;;;;;;;;;;;;;;;
IM00000000000000000000000ID-30034000000V;;IM00000000000000000000000ID-30034000000V;ID-30034000000V;0;0;;;;;;;BAT;CLIENT;;AD00000000000000000000000ID-30034000000V;;;;;0;;;;;;;;;;;;;;;;;
IM00000000000000000000000ID-300340000070;;IM00000000000000000000000ID-300340000070;ID-300340000070;0;0;;;;;;;BAT;CLIENT;;AD00000000000000000000000ID-300340000070;;;;;0;;;;;;;;;;;;;;;;;
IM00000000000000000000000ID-300340000016;;IM00000000000000000000000ID-300340000016;ID-300340000016;0;0;;;;;;;BAT;CLIENT;;AD00000000000000000000000ID-300340000016;;;;;0;;;;;;;;;;;;;;;;;
IM00000000000000000000000ID-300340000026;;IM00000000000000000000000ID-300340000026;ID-300340000026;0;0;;;;;;;BAT;CLIENT;;AD00000000000000000000000ID-300340000026;;;;;0;;;;;;;;;;;;;;;;;
IM00000000000000000000000ID-30034000008J;;IM00000000000000000000000ID-30034000008J;ID-30034000008J;0;0;;;;;;;BAT;CLIENT;;AD00000000000000000000000ID-30034000008J;;;;;0;;;;;;;;;;;;;;;;;
IM00000000000000000000000ID-300340000066;;IM00000000000000000000000ID-300340000066;ID-300340000066;0;0;;;;;;;BAT;CLIENT;;AD00000000000000000000000ID-300340000066;;;;;0;;;;;;;;;;;;;;;;;
IM00000000000000000000000ID-30034000002A;;IM00000000000000000000000ID-30034000002A;ID-30034000002A;0;0;;;;;;;BAT;CLIENT;;AD00000000000000000000000ID-30034000002A;;;;;0;;;;;;;;;;;;;;;;;
IM00000000000000000000000ID-30034000001V;;IM00000000000000000000000ID-30034000001V;ID-30034000001V;0;0;;;;;;;BAT;CLIENT;;AD00000000000000000000000ID-30034000001V;;;;;0;;;;;;;;;;;;;;;;;
IM00000000000000000000000ID-300340000098;;IM00000000000000000000000ID-300340000098;ID-300340000098;0;0;;;;;;;BAT;CLIENT;;AD00000000000000000000000ID-300340000098;;;;;0;;;;;;;;;;;;;;;;;
IM00000000000000000000000ID-30034000004A;;IM00000000000000000000000ID-30034000004A;ID-30034000004A;0;0;;;;;;;BAT;CLIENT;;AD00000000000000000000000ID-30034000004A;;;;;0;;;;;;;;;;;;;;;;;
IM00000000000000000000000ID-30034000008S;;IM00000000000000000000000ID-30034000008S;ID-30034000008S;0;0;;;;;;;BAT;CLIENT;;AD00000000000000000000000ID-30034000008S;;;;;0;;;;;;;;;;;;;;;;;
IM00000000000000000000000ID-30034000006V;;IM00000000000000000000000ID-30034000006V;ID-30034000006V;0;0;;;;;;;BAT;CLIENT;;AD00000000000000000000000ID-30034000006V;;;;;0;;;;;;;;;;;;;;;;;
IM00000000000000000000000ID-30034000002V;;IM00000000000000000000000ID-30034000002V;ID-30034000002V;0;0;;;;;;;BAT;CLIENT;;AD00000000000000000000000ID-30034000002V;;;;;0;;;;;;;;;;;;;;;;;
IM00000000000000000000000ID-30034000026Y;;IM00000000000000000000000ID-30034000026Y;ID-30034000026Y;0;0;;;;;;;BAT;CLIENT;;AD00000000000000000000000ID-30034000026Y;;;;;0;;;;;;;;;;;;;;;;;
IM00000000000000000000000ID-30034000008N;;IM00000000000000000000000ID-30034000008N;ID-30034000008N;0;0;;;;;;;BAT;CLIENT;;AD00000000000000000000000ID-30034000008N;;;;;0;;;;;;;;;;;;;;;;;
IM00000000000000000000000ID-30034000002F;;IM00000000000000000000000ID-30034000002F;ID-30034000002F;0;0;;;;;;;BAT;CLIENT;;AD00000000000000000000000ID-30034000002F;;;;;0;;;;;;;;;;;;;;;;;
IM00000000000000000000000ID-30034000007H;;IM00000000000000000000000ID-30034000007H;ID-30034000007H;0;0;;;;;;;BAT;CLIENT;;AD00000000000000000000000ID-30034000007H;;;;;0;;;;;;;;;;;;;;;;;
IM00000000000000000000000ID-30034000002Z;;IM00000000000000000000000ID-30034000002Z;ID-30034000002Z;0;0;;;;;;;BAT;CLIENT;;AD00000000000000000000000ID-30034000002Z;;;;;0;;;;;;;;;;;;;;;;;
IM00000000000000000000000ID-300340000083;;IM00000000000000000000000ID-300340000083;ID-300340000083;0;0;;;;;;;BAT;CLIENT;;AD00000000000000000000000ID-300340000083;;;;;0;;;;;;;;;;;;;;;;;
IM00000000000000000000000ID-300340000035;;IM00000000000000000000000ID-300340000035;ID-300340000035;0;0;;;;;;;BAT;CLIENT;;AD00000000000000000000000ID-300340000035;;;;;0;;;;;;;;;;;;;;;;;
IM00000000000000000000000ID-30034000005Z;;IM00000000000000000000000ID-30034000005Z;ID-30034000005Z;0;0;;;;;;;BAT;CLIENT;;AD00000000000000000000000ID-30034000005Z;;;;;0;;;;;;;;;;;;;;;;;
IM00000000000000000000000ID-30034000003W;;IM00000000000000000000000ID-30034000003W;ID-30034000003W;0;0;;;;;;;BAT;CLIENT;;AD00000000000000000000000ID-30034000003W;;;;;0;;;;;;;;;;;;;;;;;
IM00000000000000000000000ID-30034000028G;;IM00000000000000000000000ID-30034000028G;ID-30034000028G;0;0;;;;;;;BAT;CLIENT;;AD00000000000000000000000ID-30034000028G;;;;;0;;;;;;;;;;;;;;;;;
IM00000000000000000000000ID-30034000005A;;IM00000000000000000000000ID-30034000005A;ID-30034000005A;0;0;;;;;;;BAT;CLIENT;;AD00000000000000000000000ID-30034000005A;;;;;0;;;;;;;;;;;;;;;;;
IM00000000000000000000000ID-30034000006N;;IM00000000000000000000000ID-30034000006N;ID-30034000006N;0;0;;;;;;;BAT;CLIENT;;AD00000000000000000000000ID-30034000006N;;;;;0;;;;;;;;;;;;;;;;;
IM00000000000000000000000ID-30034000004S;;IM00000000000000000000000ID-30034000004S;ID-30034000004S;0;0;;;;;;;BAT;CLIENT;;AD00000000000000000000000ID-30034000004S;;;;;0;;;;;;;;;;;;;;;;;
IM00000000000000000000000ID-30034000005M;;IM00000000000000000000000ID-30034000005M;ID-30034000005M;0;0;;;;;;;BAT;CLIENT;;AD00000000000000000000000ID-30034000005M;;;;;0;;;;;;;;;;;;;;;;;
IM00000000000000000000000ID-30034000007S;;IM00000000000000000000000ID-30034000007S;ID-30034000007S;0;0;;;;;;;BAT;CLIENT;;AD00000000000000000000000ID-30034000007S;;;;;0;;;;;;;;;;;;;;;;;
IM00000000000000000000000ID-30034000002T;;IM00000000000000000000000ID-30034000002T;ID-30034000002T;0;0;;;;;;;BAT;CLIENT;;AD00000000000000000000000ID-30034000002T;;;;;0;;;;;;;;;;;;;;;;;
IM00000000000000000000000ID-300340000068;;IM00000000000000000000000ID-300340000068;ID-300340000068;0;0;;;;;;;BAT;CLIENT;;AD00000000000000000000000ID-300340000068;;;;;0;;;;;;;;;;;;;;;;;
IM00000000000000000000000ID-300340000062;;IM00000000000000000000000ID-300340000062;ID-300340000062;0;0;;;;;;;BAT;CLIENT;;AD00000000000000000000000ID-300340000062;;;;;0;;;;;;;;;;;;;;;;;
IM00000000000000000000000ID-30034000008F;;IM00000000000000000000000ID-30034000008F;ID-30034000008F;0;0;;;;;;;BAT;CLIENT;;AD00000000000000000000000ID-30034000008F;;;;;0;;;;;;;;;;;;;;;;;
IM00000000000000000000000ID-30034000006S;;IM00000000000000000000000ID-30034000006S;ID-30034000006S;0;0;;;;;;;BAT;CLIENT;;AD00000000000000000000000ID-30034000006S;;;;;0;;;;;;;;;;;;;;;;;
IM00000000000000000000000ID-300340000064;;IM00000000000000000000000ID-300340000064;ID-300340000064;0;0;;;;;;;BAT;CLIENT;;AD00000000000000000000000ID-300340000064;;;;;0;;;;;;;;;;;;;;;;;
IM00000000000000000000000ID-30034000003K;;IM00000000000000000000000ID-30034000003K;ID-30034000003K;0;0;;;;;;;BAT;CLIENT;;AD00000000000000000000000ID-30034000003K;;;;;0;;;;;;;;;;;;;;;;;
IM00000000000000000000000ID-30034000006G;;IM00000000000000000000000ID-30034000006G;ID-30034000006G;0;0;;;;;;;BAT;CLIENT;;AD00000000000000000000000ID-30034000006G;;;;;0;;;;;;;;;;;;;;;;;
IM00000000000000000000000ID-30034000000T;;IM00000000000000000000000ID-30034000000T;ID-30034000000T;0;0;;;;;;;BAT;CLIENT;;AD00000000000000000000000ID-30034000000T;;;;;0;;;;;;;;;;;;;;;;;
IM00000000000000000000000ID-300340000020;;IM00000000000000000000000ID-300340000020;ID-300340000020;0;0;;;;;;;BAT;CLIENT;;AD00000000000000000000000ID-300340000020;;;;;0;;;;;;;;;;;;;;;;;
IM00000000000000000000000ID-300340000054;;IM00000000000000000000000ID-300340000054;ID-300340000054;0;0;;;;;;;BAT;CLIENT;;AD00000000000000000000000ID-300340000054;;;;;0;;;;;;;;;;;;;;;;;
IM00000000000000000000000ID-30034000004H;;IM00000000000000000000000ID-30034000004H;ID-30034000004H;0;0;;;;;;;BAT;CLIENT;;AD00000000000000000000000ID-30034000004H;;;;;0;;;;;;;;;;;;;;;;;
IM00000000000000000000000ID-30034000005B;;IM00000000000000000000000ID-30034000005B;ID-30034000005B;0;0;;;;;;;BAT;CLIENT;;AD00000000000000000000000ID-30034000005B;;;;;0;;;;;;;;;;;;;;;;;
IM00000000000000000000000ID-30034000007N;;IM00000000000000000000000ID-30034000007N;ID-30034000007N;0;0;;;;;;;BAT;CLIENT;;AD00000000000000000000000ID-30034000007N;;;;;0;;;;;;;;;;;;;;;;;
IM00000000000000000000000ID-30034000004C;;IM00000000000000000000000ID-30034000004C;ID-30034000004C;0;0;;;;;;;BAT;CLIENT;;AD00000000000000000000000ID-30034000004C;;;;;0;;;;;;;;;;;;;;;;;
IM00000000000000000000000ID-30034000007V;;IM00000000000000000000000ID-30034000007V;ID-30034000007V;0;0;;;;;;;BAT;CLIENT;;AD00000000000000000000000ID-30034000007V;;;;;0;;;;;;;;;;;;;;;;;
IM00000000000000000000000ID-300340000063;;IM00000000000000000000000ID-300340000063;ID-300340000063;0;0;;;;;;;BAT;CLIENT;;AD00000000000000000000000ID-300340000063;;;;;0;;;;;;;;;;;;;;;;;
IM00000000000000000000000ID-30034000001D;;IM00000000000000000000000ID-30034000001D;ID-30034000001D;0;0;;;;;;;BAT;CLIENT;;AD00000000000000000000000ID-30034000001D;;;;;0;;;;;;;;;;;;;;;;;
IM00000000000000000000000ID-30034000003G;;IM00000000000000000000000ID-30034000003G;ID-30034000003G;0;0;;;;;;;BAT;CLIENT;;AD00000000000000000000000ID-30034000003G;;;;;0;;;;;;;;;;;;;;;;;
IM00000000000000000000000ID-300340000099;;IM00000000000000000000000ID-300340000099;ID-300340000099;0;0;;;;;;;BAT;CLIENT;;AD00000000000000000000000ID-300340000099;;;;;0;;;;;;;;;;;;;;;;;
IM00000000000000000000000ID-30034000006C;;IM00000000000000000000000ID-30034000006C;ID-30034000006C;0;0;;;;;;;BAT;CLIENT;;AD00000000000000000000000ID-30034000006C;;;;;0;;;;;;;;;;;;;;;;;
IM00000000000000000000000ID-300340000092;;IM00000000000000000000000ID-300340000092;ID-300340000092;0;0;;;;;;;BAT;CLIENT;;AD00000000000000000000000ID-300340000092;;;;;0;;;;;;;;;;;;;;;;;
IM00000000000000000000000ID-30034000007T;;IM00000000000000000000000ID-30034000007T;ID-30034000007T;0;0;;;;;;;BAT;CLIENT;;AD00000000000000000000000ID-30034000007T;;;;;0;;;;;;;;;;;;;;;;;
IM00000000000000000000000ID-30034000004Y;;IM00000000000000000000000ID-30034000004Y;ID-30034000004Y;0;0;;;;;;;BAT;CLIENT;;AD00000000000000000000000ID-30034000004Y;;;;;0;;;;;;;;;;;;;;;;;
IM00000000000000000000000ID-30034000007F;;IM00000000000000000000000ID-30034000007F;ID-30034000007F;0;0;;;;;;;BAT;CLIENT;;AD00000000000000000000000ID-30034000007F;;;;;0;;;;;;;;;;;;;;;;;
IM00000000000000000000000ID-30034000006H;;IM00000000000000000000000ID-30034000006H;ID-30034000006H;0;0;;;;;;;BAT;CLIENT;;AD00000000000000000000000ID-30034000006H;;;;;0;;;;;;;;;;;;;;;;;
IM00000000000000000000000ID-30034000001C;;IM00000000000000000000000ID-30034000001C;ID-30034000001C;0;0;;;;;;;BAT;CLIENT;;AD00000000000000000000000ID-30034000001C;;;;;0;;;;;;;;;;;;;;;;;
IM00000000000000000000000ID-30034000004U;;IM00000000000000000000000ID-30034000004U;ID-30034000004U;0;0;;;;;;;BAT;CLIENT;;AD00000000000000000000000ID-30034000004U;;;;;0;;;;;;;;;;;;;;;;;
IM00000000000000000000000ID-30034000026W;;IM00000000000000000000000ID-30034000026W;ID-30034000026W;0;0;;;;;;;BAT;CLIENT;;AD00000000000000000000000ID-30034000026W;;;;;0;;;;;;;;;;;;;;;;;
IM00000000000000000000000ID-300340000039;;IM00000000000000000000000ID-300340000039;ID-300340000039;0;0;;;;;;;BAT;CLIENT;;AD00000000000000000000000ID-300340000039;;;;;0;;;;;;;;;;;;;;;;;
IM00000000000000000000000ID-30034000003R;;IM00000000000000000000000ID-30034000003R;ID-30034000003R;0;0;;;;;;;BAT;CLIENT;;AD00000000000000000000000ID-30034000003R;;;;;0;;;;;;;;;;;;;;;;;
IM00000000000000000000000ID-30034000023J;;IM00000000000000000000000ID-30034000023J;ID-30034000023J;0;0;;;;;;;BAT;CLIENT;;AD00000000000000000000000ID-30034000023J;;;;;0;;;;;;;;;;;;;;;;;
IM00000000000000000000000ID-30034000006A;;IM00000000000000000000000ID-30034000006A;ID-30034000006A;0;0;;;;;;;BAT;CLIENT;;AD00000000000000000000000ID-30034000006A;;;;;0;;;;;;;;;;;;;;;;;
IM00000000000000000000000ID-300340000079;;IM00000000000000000000000ID-300340000079;ID-300340000079;0;0;;;;;;;BAT;CLIENT;;AD00000000000000000000000ID-300340000079;;;;;0;;;;;;;;;;;;;;;;;
IM00000000000000000000000ID-300340000077;;IM00000000000000000000000ID-300340000077;ID-300340000077;0;0;;;;;;;BAT;CLIENT;;AD00000000000000000000000ID-300340000077;;;;;0;;;;;;;;;;;;;;;;;
IM00000000000000000000000ID-30034000001W;;IM00000000000000000000000ID-30034000001W;ID-30034000001W;0;0;;;;;;;BAT;CLIENT;;AD00000000000000000000000ID-30034000001W;;;;;0;;;;;;;;;;;;;;;;;
IM00000000000000000000000ID-30034000006U;;IM00000000000000000000000ID-30034000006U;ID-30034000006U;0;0;;;;;;;BAT;CLIENT;;AD00000000000000000000000ID-30034000006U;;;;;0;;;;;;;;;;;;;;;;;
IM00000000000000000000000ID-30034000006Y;;IM00000000000000000000000ID-30034000006Y;ID-30034000006Y;0;0;;;;;;;BAT;CLIENT;;AD00000000000000000000000ID-30034000006Y;;;;;0;;;;;;;;;;;;;;;;;
IM00000000000000000000000ID-30034000002U;;IM00000000000000000000000ID-30034000002U;ID-30034000002U;0;0;;;;;;;BAT;CLIENT;;AD00000000000000000000000ID-30034000002U;;;;;0;;;;;;;;;;;;;;;;;
IM00000000000000000000000ID-300340000067;;IM00000000000000000000000ID-300340000067;ID-300340000067;0;0;;;;;;;BAT;CLIENT;;AD00000000000000000000000ID-300340000067;;;;;0;;;;;;;;;;;;;;;;;
IM00000000000000000000000ID-300340000025;;IM00000000000000000000000ID-300340000025;ID-300340000025;0;0;;;;;;;BAT;CLIENT;;AD00000000000000000000000ID-300340000025;;;;;0;;;;;;;;;;;;;;;;;
IM00000000000000000000000ID-30034000000A;;IM00000000000000000000000ID-30034000000A;ID-30034000000A;0;0;;;;;;;BAT;CLIENT;;AD00000000000000000000000ID-30034000000A;;;;;0;;;;;;;;;;;;;;;;;
IM00000000000000000000000ID-30034000005C;;IM00000000000000000000000ID-30034000005C;ID-30034000005C;0;0;;;;;;;BAT;CLIENT;;AD00000000000000000000000ID-30034000005C;;;;;0;;;;;;;;;;;;;;;;;
IM00000000000000000000000ID-30034000002I;;IM00000000000000000000000ID-30034000002I;ID-30034000002I;0;0;;;;;;;BAT;CLIENT;;AD00000000000000000000000ID-30034000002I;;;;;0;;;;;;;;;;;;;;;;;
IM00000000000000000000000ID-30034000007J;;IM00000000000000000000000ID-30034000007J;ID-30034000007J;0;0;;;;;;;BAT;CLIENT;;AD00000000000000000000000ID-30034000007J;;;;;0;;;;;;;;;;;;;;;;;
IM00000000000000000000000ID-300340000027;;IM00000000000000000000000ID-300340000027;ID-300340000027;0;0;;;;;;;BAT;CLIENT;;AD00000000000000000000000ID-300340000027;;;;;0;;;;;;;;;;;;;;;;;
IM00000000000000000000000ID-3003400002JS;;IM00000000000000000000000ID-3003400002JS;ID-3003400002JS;0;0;;;;;;;BAT;CLIENT;;AD00000000000000000000000ID-3003400002JS;;;;;0;;;;;;;;;;;;;;;;;
IM00000000000000000000000ID-30034000007B;;IM00000000000000000000000ID-30034000007B;ID-30034000007B;0;0;;;;;;;BAT;CLIENT;;AD00000000000000000000000ID-30034000007B;;;;;0;;;;;;;;;;;;;;;;;
IM00000000000000000000000ID-30034000001F;;IM00000000000000000000000ID-30034000001F;ID-30034000001F;0;0;;;;;;;BAT;CLIENT;;AD00000000000000000000000ID-30034000001F;;;;;0;;;;;;;;;;;;;;;;;
IM00000000000000000000000ID-30034000008R;;IM00000000000000000000000ID-30034000008R;ID-30034000008R;0;0;;;;;;;BAT;CLIENT;;AD00000000000000000000000ID-30034000008R;;;;;0;;;;;;;;;;;;;;;;;
IM00000000000000000000000ID-30034000005J;;IM00000000000000000000000ID-30034000005J;ID-30034000005J;0;0;;;;;;;BAT;CLIENT;;AD00000000000000000000000ID-30034000005J;;;;;0;;;;;;;;;;;;;;;;;
IM00000000000000000000000ID-300340000014;;IM00000000000000000000000ID-300340000014;ID-300340000014;0;0;;;;;;;BAT;CLIENT;;AD00000000000000000000000ID-300340000014;;;;;0;;;;;;;;;;;;;;;;;
IM00000000000000000000000ID-300340000053;;IM00000000000000000000000ID-300340000053;ID-300340000053;0;0;;;;;;;BAT;CLIENT;;AD00000000000000000000000ID-300340000053;;;;;0;;;;;;;;;;;;;;;;;
IM00000000000000000000000ID-30034000007Z;;IM00000000000000000000000ID-30034000007Z;ID-30034000007Z;0;0;;;;;;;BAT;CLIENT;;AD00000000000000000000000ID-30034000007Z;;;;;0;;;;;;;;;;;;;;;;;
IM00000000000000000000000ID-30034000006X;;IM00000000000000000000000ID-30034000006X;ID-30034000006X;0;0;;;;;;;BAT;CLIENT;;AD00000000000000000000000ID-30034000006X;;;;;0;;;;;;;;;;;;;;;;;
IM00000000000000000000000ID-30034000004R;;IM00000000000000000000000ID-30034000004R;ID-30034000004R;0;0;;;;;;;BAT;CLIENT;;AD00000000000000000000000ID-30034000004R;;;;;0;;;;;;;;;;;;;;;;;
IM00000000000000000000000ID-30034000000U;;IM00000000000000000000000ID-30034000000U;ID-30034000000U;0;0;;;;;;;BAT;CLIENT;;AD00000000000000000000000ID-30034000000U;;;;;0;;;;;;;;;;;;;;;;;
IM00000000000000000000000ID-30034000008T;;IM00000000000000000000000ID-30034000008T;ID-30034000008T;0;0;;;;;;;BAT;CLIENT;;AD00000000000000000000000ID-30034000008T;;;;;0;;;;;;;;;;;;;;;;;
IM00000000000000000000000ID-300340000050;;IM00000000000000000000000ID-300340000050;ID-300340000050;0;0;;;;;;;BAT;CLIENT;;AD00000000000000000000000ID-300340000050;;;;;0;;;;;;;;;;;;;;;;;
IM00000000000000000000000ID-30034000006Z;;IM00000000000000000000000ID-30034000006Z;ID-30034000006Z;0;0;;;;;;;BAT;CLIENT;;AD00000000000000000000000ID-30034000006Z;;;;;0;;;;;;;;;;;;;;;;;
IM00000000000000000000000ID-30034000007X;;IM00000000000000000000000ID-30034000007X;ID-30034000007X;0;0;;;;;;;BAT;CLIENT;;AD00000000000000000000000ID-30034000007X;;;;;0;;;;;;;;;;;;;;;;;
IM00000000000000000000000ID-30034000005X;;IM00000000000000000000000ID-30034000005X;ID-30034000005X;0;0;;;;;;;BAT;CLIENT;;AD00000000000000000000000ID-30034000005X;;;;;0;;;;;;;;;;;;;;;;;
IM00000000000000000000000ID-30034000005W;;IM00000000000000000000000ID-30034000005W;ID-30034000005W;0;0;;;;;;;BAT;CLIENT;;AD00000000000000000000000ID-30034000005W;;;;;0;;;;;;;;;;;;;;;;;
IM00000000000000000000000ID-30034000000Z;;IM00000000000000000000000ID-30034000000Z;ID-30034000000Z;0;0;;;;;;;BAT;CLIENT;;AD00000000000000000000000ID-30034000000Z;;;;;0;;;;;;;;;;;;;;;;;
IM00000000000000000000000ID-30034000005G;;IM00000000000000000000000ID-30034000005G;ID-30034000005G;0;0;;;;;;;BAT;CLIENT;;AD00000000000000000000000ID-30034000005G;;;;;0;;;;;;;;;;;;;;;;;
IM00000000000000000000000ID-300340000052;;IM00000000000000000000000ID-300340000052;ID-300340000052;0;0;;;;;;;BAT;CLIENT;;AD00000000000000000000000ID-300340000052;;;;;0;;;;;;;;;;;;;;;;;
IM00000000000000000000000ID-3003400002KO;;IM00000000000000000000000ID-3003400002KO;ID-3003400002KO;0;0;;;;;;;BAT;CLIENT;;AD00000000000000000000000ID-3003400002KO;;;;;0;;;;;;;;;;;;;;;;;
IM00000000000000000000000ID-30034000007G;;IM00000000000000000000000ID-30034000007G;ID-30034000007G;0;0;;;;;;;BAT;CLIENT;;AD00000000000000000000000ID-30034000007G;;;;;0;;;;;;;;;;;;;;;;;
IM00000000000000000000000ID-30034000005T;;IM00000000000000000000000ID-30034000005T;ID-30034000005T;0;0;;;;;;;BAT;CLIENT;;AD00000000000000000000000ID-30034000005T;;;;;0;;;;;;;;;;;;;;;;;
IM00000000000000000000000ID-300340000022;;IM00000000000000000000000ID-300340000022;ID-300340000022;0;0;;;;;;;BAT;CLIENT;;AD00000000000000000000000ID-300340000022;;;;;0;;;;;;;;;;;;;;;;;
IM00000000000000000000000ID-30034000001E;;IM00000000000000000000000ID-30034000001E;ID-30034000001E;0;0;;;;;;;BAT;CLIENT;;AD00000000000000000000000ID-30034000001E;;;;;0;;;;;;;;;;;;;;;;;
IM00000000000000000000000ID-300340000043;;IM00000000000000000000000ID-300340000043;ID-300340000043;0;0;;;;;;;BAT;CLIENT;;AD00000000000000000000000ID-300340000043;;;;;0;;;;;;;;;;;;;;;;;
IM00000000000000000000000ID-300340000058;;IM00000000000000000000000ID-300340000058;ID-300340000058;0;0;;;;;;;BAT;CLIENT;;AD00000000000000000000000ID-300340000058;;;;;0;;;;;;;;;;;;;;;;;
IM00000000000000000000000ID-30034000005V;;IM00000000000000000000000ID-30034000005V;ID-30034000005V;0;0;;;;;;;BAT;CLIENT;;AD00000000000000000000000ID-30034000005V;;;;;0;;;;;;;;;;;;;;;;;
IM00000000000000000000000ID-300340000095;;IM00000000000000000000000ID-300340000095;ID-300340000095;0;0;;;;;;;BAT;CLIENT;;AD00000000000000000000000ID-300340000095;;;;;0;;;;;;;;;;;;;;;;;
IM00000000000000000000000ID-30034000001M;;IM00000000000000000000000ID-30034000001M;ID-30034000001M;0;0;;;;;;;BAT;CLIENT;;AD00000000000000000000000ID-30034000001M;;;;;0;;;;;;;;;;;;;;;;;
IM00000000000000000000000ID-300340000034;;IM00000000000000000000000ID-300340000034;ID-300340000034;0;0;;;;;;;BAT;CLIENT;;AD00000000000000000000000ID-300340000034;;;;;0;;;;;;;;;;;;;;;;;
IM00000000000000000000000ID-30034000003S;;IM00000000000000000000000ID-30034000003S;ID-30034000003S;0;0;;;;;;;BAT;CLIENT;;AD00000000000000000000000ID-30034000003S;;;;;0;;;;;;;;;;;;;;;;;
IM00000000000000000000000ID-30034000003X;;IM00000000000000000000000ID-30034000003X;ID-30034000003X;0;0;;;;;;;BAT;CLIENT;;AD00000000000000000000000ID-30034000003X;;;;;0;;;;;;;;;;;;;;;;;
IM00000000000000000000000ID-30034000008Y;;IM00000000000000000000000ID-30034000008Y;ID-30034000008Y;0;0;;;;;;;BAT;CLIENT;;AD00000000000000000000000ID-30034000008Y;;;;;0;;;;;;;;;;;;;;;;;
IM00000000000000000000000ID-300340000060;;IM00000000000000000000000ID-300340000060;ID-300340000060;0;0;;;;;;;BAT;CLIENT;;AD00000000000000000000000ID-300340000060;;;;;0;;;;;;;;;;;;;;;;;
IM00000000000000000000000ID-30034000008M;;IM00000000000000000000000ID-30034000008M;ID-30034000008M;0;0;;;;;;;BAT;CLIENT;;AD00000000000000000000000ID-30034000008M;;;;;0;;;;;;;;;;;;;;;;;
IM00000000000000000000000ID-30034000005K;;IM00000000000000000000000ID-30034000005K;ID-30034000005K;0;0;;;;;;;BAT;CLIENT;;AD00000000000000000000000ID-30034000005K;;;;;0;;;;;;;;;;;;;;;;;
IM00000000000000000000000ID-30034000002N;;IM00000000000000000000000ID-30034000002N;ID-30034000002N;0;0;;;;;;;BAT;CLIENT;;AD00000000000000000000000ID-30034000002N;;;;;0;;;;;;;;;;;;;;;;;
IM00000000000000000000000ID-30034000002B;;IM00000000000000000000000ID-30034000002B;ID-30034000002B;0;0;;;;;;;BAT;CLIENT;;AD00000000000000000000000ID-30034000002B;;;;;0;;;;;;;;;;;;;;;;;
IM00000000000000000000000ID-30034000004I;;IM00000000000000000000000ID-30034000004I;ID-30034000004I;0;0;;;;;;;BAT;CLIENT;;AD00000000000000000000000ID-30034000004I;;;;;0;;;;;;;;;;;;;;;;;
IM00000000000000000000000ID-30034000000S;;IM00000000000000000000000ID-30034000000S;ID-30034000000S;0;0;;;;;;;BAT;CLIENT;;AD00000000000000000000000ID-30034000000S;;;;;0;;;;;;;;;;;;;;;;;
IM00000000000000000000000ID-300340000013;;IM00000000000000000000000ID-300340000013;ID-300340000013;0;0;;;;;;;BAT;CLIENT;;AD00000000000000000000000ID-300340000013;;;;;0;;;;;;;;;;;;;;;;;
IM00000000000000000000000ID-300340000040;;IM00000000000000000000000ID-300340000040;ID-300340000040;0;0;;;;;;;BAT;CLIENT;;AD00000000000000000000000ID-300340000040;;;;;0;;;;;;;;;;;;;;;;;
IM00000000000000000000000ID-30034000008K;;IM00000000000000000000000ID-30034000008K;ID-30034000008K;0;0;;;;;;;BAT;CLIENT;;AD00000000000000000000000ID-30034000008K;;;;;0;;;;;;;;;;;;;;;;;
IM00000000000000000000000ID-30034000006R;;IM00000000000000000000000ID-30034000006R;ID-30034000006R;0;0;;;;;;;BAT;CLIENT;;AD00000000000000000000000ID-30034000006R;;;;;0;;;;;;;;;;;;;;;;;
IM00000000000000000000000ID-30034000006P;;IM00000000000000000000000ID-30034000006P;ID-30034000006P;0;0;;;;;;;BAT;CLIENT;;AD00000000000000000000000ID-30034000006P;;;;;0;;;;;;;;;;;;;;;;;
IM00000000000000000000000ID-30034000002X;;IM00000000000000000000000ID-30034000002X;ID-30034000002X;0;0;;;;;;;BAT;CLIENT;;AD00000000000000000000000ID-30034000002X;;;;;0;;;;;;;;;;;;;;;;;
IM00000000000000000000000ID-300340000072;;IM00000000000000000000000ID-300340000072;ID-300340000072;0;0;;;;;;;BAT;CLIENT;;AD00000000000000000000000ID-300340000072;;;;;0;;;;;;;;;;;;;;;;;
IM00000000000000000000000ID-300340000018;;IM00000000000000000000000ID-300340000018;ID-300340000018;0;0;;;;;;;BAT;CLIENT;;AD00000000000000000000000ID-300340000018;;;;;0;;;;;;;;;;;;;;;;;
IM00000000000000000000000ID-30034000002J;;IM00000000000000000000000ID-30034000002J;ID-30034000002J;0;0;;;;;;;BAT;CLIENT;;AD00000000000000000000000ID-30034000002J;;;;;0;;;;;;;;;;;;;;;;;
IM00000000000000000000000ID-30034000001Z;;IM00000000000000000000000ID-30034000001Z;ID-30034000001Z;0;0;;;;;;;BAT;CLIENT;;AD00000000000000000000000ID-30034000001Z;;;;;0;;;;;;;;;;;;;;;;;
IM00000000000000000000000ID-300340000051;;IM00000000000000000000000ID-300340000051;ID-300340000051;0;0;;;;;;;BAT;CLIENT;;AD00000000000000000000000ID-300340000051;;;;;0;;;;;;;;;;;;;;;;;
IM00000000000000000000000ID-30034000007P;;IM00000000000000000000000ID-30034000007P;ID-30034000007P;0;0;;;;;;;BAT;CLIENT;;AD00000000000000000000000ID-30034000007P;;;;;0;;;;;;;;;;;;;;;;;
IM00000000000000000000000ID-30034000001N;;IM00000000000000000000000ID-30034000001N;ID-30034000001N;0;0;;;;;;;BAT;CLIENT;;AD00000000000000000000000ID-30034000001N;;;;;0;;;;;;;;;;;;;;;;;
IM00000000000000000000000ID-30034000003E;;IM00000000000000000000000ID-30034000003E;ID-30034000003E;0;0;;;;;;;BAT;CLIENT;;AD00000000000000000000000ID-30034000003E;;;;;0;;;;;;;;;;;;;;;;;
IM00000000000000000000000ID-30034000007A;;IM00000000000000000000000ID-30034000007A;ID-30034000007A;0;0;;;;;;;BAT;CLIENT;;AD00000000000000000000000ID-30034000007A;;;;;0;;;;;;;;;;;;;;;;;
IM00000000000000000000000ID-30034000005H;;IM00000000000000000000000ID-30034000005H;ID-30034000005H;0;0;;;;;;;BAT;CLIENT;;AD00000000000000000000000ID-30034000005H;;;;;0;;;;;;;;;;;;;;;;;
IM00000000000000000000000ID-30034000006K;;IM00000000000000000000000ID-30034000006K;ID-30034000006K;0;0;;;;;;;BAT;CLIENT;;AD00000000000000000000000ID-30034000006K;;;;;0;;;;;;;;;;;;;;;;;
IM00000000000000000000000ID-300340000069;;IM00000000000000000000000ID-300340000069;ID-300340000069;0;0;;;;;;;BAT;CLIENT;;AD00000000000000000000000ID-300340000069;;;;;0;;;;;;;;;;;;;;;;;
IM00000000000000000000000ID-30034000004L;;IM00000000000000000000000ID-30034000004L;ID-30034000004L;0;0;;;;;;;BAT;CLIENT;;AD00000000000000000000000ID-30034000004L;;;;;0;;;;;;;;;;;;;;;;;
IM00000000000000000000000ID-300340000084;;IM00000000000000000000000ID-300340000084;ID-300340000084;0;0;;;;;;;BAT;CLIENT;;AD00000000000000000000000ID-300340000084;;;;;0;;;;;;;;;;;;;;;;;
IM00000000000000000000000ID-30034000005L;;IM00000000000000000000000ID-30034000005L;ID-30034000005L;0;0;;;;;;;BAT;CLIENT;;AD00000000000000000000000ID-30034000005L;;;;;0;;;;;;;;;;;;;;;;;
IM00000000000000000000000ID-30034000007I;;IM00000000000000000000000ID-30034000007I;ID-30034000007I;0;0;;;;;;;BAT;CLIENT;;AD00000000000000000000000ID-30034000007I;;;;;0;;;;;;;;;;;;;;;;;
IM00000000000000000000000ID-300340000091;;IM00000000000000000000000ID-300340000091;ID-300340000091;0;0;;;;;;;BAT;CLIENT;;AD00000000000000000000000ID-300340000091;;;;;0;;;;;;;;;;;;;;;;;
IM00000000000000000000000ID-300340000036;;IM00000000000000000000000ID-300340000036;ID-300340000036;0;0;;;;;;;BAT;CLIENT;;AD00000000000000000000000ID-300340000036;;;;;0;;;;;;;;;;;;;;;;;
IM00000000000000000000000ID-30034000007U;;IM00000000000000000000000ID-30034000007U;ID-30034000007U;0;0;;;;;;;BAT;CLIENT;;AD00000000000000000000000ID-30034000007U;;;;;0;;;;;;;;;;;;;;;;;
IM00000000000000000000000ID-30034000007Y;;IM00000000000000000000000ID-30034000007Y;ID-30034000007Y;0;0;;;;;;;BAT;CLIENT;;AD00000000000000000000000ID-30034000007Y;;;;;0;;;;;;;;;;;;;;;;;
IM00000000000000000000000ID-30034000006O;;IM00000000000000000000000ID-30034000006O;ID-30034000006O;0;0;;;;;;;BAT;CLIENT;;AD00000000000000000000000ID-30034000006O;;;;;0;;;;;;;;;;;;;;;;;
IM00000000000000000000000ID-30034000004Q;;IM00000000000000000000000ID-30034000004Q;ID-30034000004Q;0;0;;;;;;;BAT;CLIENT;;AD00000000000000000000000ID-30034000004Q;;;;;0;;;;;;;;;;;;;;;;;
IM00000000000000000000000ID-3003400001VY;;IM00000000000000000000000ID-3003400001VY;ID-3003400001VY;0;0;;;;;;;BAT;CLIENT;;AD00000000000000000000000ID-3003400001VY;;;;;0;;;;;;;;;;;;;;;;;
IM00000000000000000000000ID-300340000056;;IM00000000000000000000000ID-300340000056;ID-300340000056;0;0;;;;;;;BAT;CLIENT;;AD00000000000000000000000ID-300340000056;;;;;0;;;;;;;;;;;;;;;;;
IM00000000000000000000000ID-300340000041;;IM00000000000000000000000ID-300340000041;ID-300340000041;0;0;;;;;;;BAT;CLIENT;;AD00000000000000000000000ID-300340000041;;;;;0;;;;;;;;;;;;;;;;;
IM00000000000000000000000ID-3003400002QI;;IM00000000000000000000000ID-3003400002QI;ID-3003400002QI;0;0;;;;;;;BAT;CLIENT;;AD00000000000000000000000ID-3003400002QI;;;;;0;;;;;;;;;;;;;;;;;
IM00000000000000000000000ID-30034000004D;;IM00000000000000000000000ID-30034000004D;ID-30034000004D;0;0;;;;;;;BAT;CLIENT;;AD00000000000000000000000ID-30034000004D;;;;;0;;;;;;;;;;;;;;;;;
IM00000000000000000000000ID-30034000000P;;IM00000000000000000000000ID-30034000000P;ID-30034000000P;0;0;;;;;;;BAT;CLIENT;;AD00000000000000000000000ID-30034000000P;;;;;0;;;;;;;;;;;;;;;;;
IM00000000000000000000000ID-30034000004T;;IM00000000000000000000000ID-30034000004T;ID-30034000004T;0;0;;;;;;;BAT;CLIENT;;AD00000000000000000000000ID-30034000004T;;;;;0;;;;;;;;;;;;;;;;;
IM00000000000000000000000ID-30034000009B;;IM00000000000000000000000ID-30034000009B;ID-30034000009B;0;0;;;;;;;BAT;CLIENT;;AD00000000000000000000000ID-30034000009B;;;;;0;;;;;;;;;;;;;;;;;
IM00000000000000000000000ID-30034000001T;;IM00000000000000000000000ID-30034000001T;ID-30034000001T;0;0;;;;;;;BAT;CLIENT;;AD00000000000000000000000ID-30034000001T;;;;;0;;;;;;;;;;;;;;;;;
IM00000000000000000000000ID-30034000004W;;IM00000000000000000000000ID-30034000004W;ID-30034000004W;0;0;;;;;;;BAT;CLIENT;;AD00000000000000000000000ID-30034000004W;;;;;0;;;;;;;;;;;;;;;;;
IM00000000000000000000000ID-30034000004G;;IM00000000000000000000000ID-30034000004G;ID-30034000004G;0;0;;;;;;;BAT;CLIENT;;AD00000000000000000000000ID-30034000004G;;;;;0;;;;;;;;;;;;;;;;;
IM00000000000000000000000ID-30034000008A;;IM00000000000000000000000ID-30034000008A;ID-30034000008A;0;0;;;;;;;BAT;CLIENT;;AD00000000000000000000000ID-30034000008A;;;;;0;;;;;;;;;;;;;;;;;
IM00000000000000000000000ID-30034000001Y;;IM00000000000000000000000ID-30034000001Y;ID-30034000001Y;0;0;;;;;;;BAT;CLIENT;;AD00000000000000000000000ID-30034000001Y;;;;;0;;;;;;;;;;;;;;;;;
IM00000000000000000000000ID-30034000002D;;IM00000000000000000000000ID-30034000002D;ID-30034000002D;0;0;;;;;;;BAT;CLIENT;;AD00000000000000000000000ID-30034000002D;;;;;0;;;;;;;;;;;;;;;;;
IM00000000000000000000000ID-30034000007C;;IM00000000000000000000000ID-30034000007C;ID-30034000007C;0;0;;;;;;;BAT;CLIENT;;AD00000000000000000000000ID-30034000007C;;;;;0;;;;;;;;;;;;;;;;;
IM00000000000000000000000ID-30034000001G;;IM00000000000000000000000ID-30034000001G;ID-30034000001G;0;0;;;;;;;BAT;CLIENT;;AD00000000000000000000000ID-30034000001G;;;;;0;;;;;;;;;;;;;;;;;
IM00000000000000000000000ID-300340000015;;IM00000000000000000000000ID-300340000015;ID-300340000015;0;0;;;;;;;BAT;CLIENT;;AD00000000000000000000000ID-300340000015;;;;;0;;;;;;;;;;;;;;;;;
IM00000000000000000000000ID-300340000059;;IM00000000000000000000000ID-300340000059;ID-300340000059;0;0;;;;;;;BAT;CLIENT;;AD00000000000000000000000ID-300340000059;;;;;0;;;;;;;;;;;;;;;;;
IM00000000000000000000000ID-30034000005E;;IM00000000000000000000000ID-30034000005E;ID-30034000005E;0;0;;;;;;;BAT;CLIENT;;AD00000000000000000000000ID-30034000005E;;;;;0;;;;;;;;;;;;;;;;;
IM00000000000000000000000ID-300340000082;;IM00000000000000000000000ID-300340000082;ID-300340000082;0;0;;;;;;;BAT;CLIENT;;AD00000000000000000000000ID-300340000082;;;;;0;;;;;;;;;;;;;;;;;
IM00000000000000000000000ID-30034000003B;;IM00000000000000000000000ID-30034000003B;ID-30034000003B;0;0;;;;;;;BAT;CLIENT;;AD00000000000000000000000ID-30034000003B;;;;;0;;;;;;;;;;;;;;;;;
IM00000000000000000000000ID-30034000004F;;IM00000000000000000000000ID-30034000004F;ID-30034000004F;0;0;;;;;;;BAT;CLIENT;;AD00000000000000000000000ID-30034000004F;;;;;0;;;;;;;;;;;;;;;;;
IM00000000000000000000000ID-30034000009G;;IM00000000000000000000000ID-30034000009G;ID-30034000009G;0;0;;;;;;;BAT;CLIENT;;AD00000000000000000000000ID-30034000009G;;;;;0;;;;;;;;;;;;;;;;;
IM00000000000000000000000ID-30034000005O;;IM00000000000000000000000ID-30034000005O;ID-30034000005O;0;0;;;;;;;BAT;CLIENT;;AD00000000000000000000000ID-30034000005O;;;;;0;;;;;;;;;;;;;;;;;
IM00000000000000000000000ID-300340000088;;IM00000000000000000000000ID-300340000088;ID-300340000088;0;0;;;;;;;BAT;CLIENT;;AD00000000000000000000000ID-300340000088;;;;;0;;;;;;;;;;;;;;;;;
IM00000000000000000000000ID-30034000008D;;IM00000000000000000000000ID-30034000008D;ID-30034000008D;0;0;;;;;;;BAT;CLIENT;;AD00000000000000000000000ID-30034000008D;;;;;0;;;;;;;;;;;;;;;;;
IM00000000000000000000000ID-30034000002G;;IM00000000000000000000000ID-30034000002G;ID-30034000002G;0;0;;;;;;;BAT;CLIENT;;AD00000000000000000000000ID-30034000002G;;;;;0;;;;;;;;;;;;;;;;;
IM00000000000000000000000ID-30034000008C;;IM00000000000000000000000ID-30034000008C;ID-30034000008C;0;0;;;;;;;BAT;CLIENT;;AD00000000000000000000000ID-30034000008C;;;;;0;;;;;;;;;;;;;;;;;
IM00000000000000000000000ID-30034000004J;;IM00000000000000000000000ID-30034000004J;ID-30034000004J;0;0;;;;;;;BAT;CLIENT;;AD00000000000000000000000ID-30034000004J;;;;;0;;;;;;;;;;;;;;;;;
IM00000000000000000000000ID-300340000037;;IM00000000000000000000000ID-300340000037;ID-300340000037;0;0;;;;;;;BAT;CLIENT;;AD00000000000000000000000ID-300340000037;;;;;0;;;;;;;;;;;;;;;;;
IM00000000000000000000000ID-30034000002K;;IM00000000000000000000000ID-30034000002K;ID-30034000002K;0;0;;;;;;;BAT;CLIENT;;AD00000000000000000000000ID-30034000002K;;;;;0;;;;;;;;;;;;;;;;;
IM00000000000000000000000ID-30034000004B;;IM00000000000000000000000ID-30034000004B;ID-30034000004B;0;0;;;;;;;BAT;CLIENT;;AD00000000000000000000000ID-30034000004B;;;;;0;;;;;;;;;;;;;;;;;
IM00000000000000000000000ID-300340000093;;IM00000000000000000000000ID-300340000093;ID-300340000093;0;0;;;;;;;BAT;CLIENT;;AD00000000000000000000000ID-300340000093;;;;;0;;;;;;;;;;;;;;;;;
IM00000000000000000000000ID-300340000271;;IM00000000000000000000000ID-300340000271;ID-300340000271;0;0;;;;;;;BAT;CLIENT;;AD00000000000000000000000ID-300340000271;;;;;0;;;;;;;;;;;;;;;;;
IM00000000000000000000000ID-30034000007W;;IM00000000000000000000000ID-30034000007W;ID-30034000007W;0;0;;;;;;;BAT;CLIENT;;AD00000000000000000000000ID-30034000007W;;;;;0;;;;;;;;;;;;;;;;;
IM00000000000000000000000ID-30034000002L;;IM00000000000000000000000ID-30034000002L;ID-30034000002L;0;0;;;;;;;BAT;CLIENT;;AD00000000000000000000000ID-30034000002L;;;;;0;;;;;;;;;;;;;;;;;
IM00000000000000000000000ID-300340000086;;IM00000000000000000000000ID-300340000086;ID-300340000086;0;0;;;;;;;BAT;CLIENT;;AD00000000000000000000000ID-300340000086;;;;;0;;;;;;;;;;;;;;;;;
IM00000000000000000000000ID-30034000005Y;;IM00000000000000000000000ID-30034000005Y;ID-30034000005Y;0;0;;;;;;;BAT;CLIENT;;AD00000000000000000000000ID-30034000005Y;;;;;0;;;;;;;;;;;;;;;;;
IM00000000000000000000000ID-300340000019;;IM00000000000000000000000ID-300340000019;ID-300340000019;0;0;;;;;;;BAT;CLIENT;;AD00000000000000000000000ID-300340000019;;;;;0;;;;;;;;;;;;;;;;;
IM00000000000000000000000ID-30034000001U;;IM00000000000000000000000ID-30034000001U;ID-30034000001U;0;0;;;;;;;BAT;CLIENT;;AD00000000000000000000000ID-30034000001U;;;;;0;;;;;;;;;;;;;;;;;
IM00000000000000000000000ID-30034000005F;;IM00000000000000000000000ID-30034000005F;ID-30034000005F;0;0;;;;;;;BAT;CLIENT;;AD00000000000000000000000ID-30034000005F;;;;;0;;;;;;;;;;;;;;;;;
IM00000000000000000000000ID-30034000005P;;IM00000000000000000000000ID-30034000005P;ID-30034000005P;0;0;;;;;;;BAT;CLIENT;;AD00000000000000000000000ID-30034000005P;;;;;0;;;;;;;;;;;;;;;;;
IM00000000000000000000000ID-30034000003V;;IM00000000000000000000000ID-30034000003V;ID-30034000003V;0;0;;;;;;;BAT;CLIENT;;AD00000000000000000000000ID-30034000003V;;;;;0;;;;;;;;;;;;;;;;;
IM00000000000000000000000ID-3003400002K3;;IM00000000000000000000000ID-3003400002K3;ID-3003400002K3;0;0;;;;;;;BAT;CLIENT;;AD00000000000000000000000ID-3003400002K3;;;;;0;;;;;;;;;;;;;;;;;
IM00000000000000000000000ID-30034000007L;;IM00000000000000000000000ID-30034000007L;ID-30034000007L;0;0;;;;;;;BAT;CLIENT;;AD00000000000000000000000ID-30034000007L;;;;;0;;;;;;;;;;;;;;;;;
IM00000000000000000000000ID-300340000074;;IM00000000000000000000000ID-300340000074;ID-300340000074;0;0;;;;;;;BAT;CLIENT;;AD00000000000000000000000ID-300340000074;;;;;0;;;;;;;;;;;;;;;;;
IM00000000000000000000000ID-300340000096;;IM00000000000000000000000ID-300340000096;ID-300340000096;0;0;;;;;;;BAT;CLIENT;;AD00000000000000000000000ID-300340000096;;;;;0;;;;;;;;;;;;;;;;;
IM00000000000000000000000ID-30034000006D;;IM00000000000000000000000ID-30034000006D;ID-30034000006D;0;0;;;;;;;BAT;CLIENT;;AD00000000000000000000000ID-30034000006D;;;;;0;;;;;;;;;;;;;;;;;
IM00000000000000000000000ID-300340000061;;IM00000000000000000000000ID-300340000061;ID-300340000061;0;0;;;;;;;BAT;CLIENT;;AD00000000000000000000000ID-300340000061;;;;;0;;;;;;;;;;;;;;;;;
IM00000000000000000000000ID-30034000002H;;IM00000000000000000000000ID-30034000002H;ID-30034000002H;0;0;;;;;;;BAT;CLIENT;;AD00000000000000000000000ID-30034000002H;;;;;0;;;;;;;;;;;;;;;;;
IM00000000000000000000000ID-30034000006L;;IM00000000000000000000000ID-30034000006L;ID-30034000006L;0;0;;;;;;;BAT;CLIENT;;AD00000000000000000000000ID-30034000006L;;;;;0;;;;;;;;;;;;;;;;;
IM00000000000000000000000ID-30034000003F;;IM00000000000000000000000ID-30034000003F;ID-30034000003F;0;0;;;;;;;BAT;CLIENT;;AD00000000000000000000000ID-30034000003F;;;;;0;;;;;;;;;;;;;;;;;
IM00000000000000000000000ID-30034000008Q;;IM00000000000000000000000ID-30034000008Q;ID-30034000008Q;0;0;;;;;;;BAT;CLIENT;;AD00000000000000000000000ID-30034000008Q;;;;;0;;;;;;;;;;;;;;;;;
IM00000000000000000000000ID-30034000003Y;;IM00000000000000000000000ID-30034000003Y;ID-30034000003Y;0;0;;;;;;;BAT;CLIENT;;AD00000000000000000000000ID-30034000003Y;;;;;0;;;;;;;;;;;;;;;;;
IM00000000000000000000000ID-300340000023;;IM00000000000000000000000ID-300340000023;ID-300340000023;0;0;;;;;;;BAT;CLIENT;;AD00000000000000000000000ID-300340000023;;;;;0;;;;;;;;;;;;;;;;;
IM00000000000000000000000ID-30034000008H;;IM00000000000000000000000ID-30034000008H;ID-30034000008H;0;0;;;;;;;BAT;CLIENT;;AD00000000000000000000000ID-30034000008H;;;;;0;;;;;;;;;;;;;;;;;
IM00000000000000000000000ID-30034000004Z;;IM00000000000000000000000ID-30034000004Z;ID-30034000004Z;0;0;;;;;;;BAT;CLIENT;;AD00000000000000000000000ID-30034000004Z;;;;;0;;;;;;;;;;;;;;;;;
IM00000000000000000000000ID-30034000007M;;IM00000000000000000000000ID-30034000007M;ID-30034000007M;0;0;;;;;;;BAT;CLIENT;;AD00000000000000000000000ID-30034000007M;;;;;0;;;;;;;;;;;;;;;;;
IM00000000000000000000000ID-30034000005N;;IM00000000000000000000000ID-30034000005N;ID-30034000005N;0;0;;;;;;;BAT;CLIENT;;AD00000000000000000000000ID-30034000005N;;;;;0;;;;;;;;;;;;;;;;;
IM00000000000000000000000ID-300340000047;;IM00000000000000000000000ID-300340000047;ID-300340000047;0;0;;;;;;;BAT;CLIENT;;AD00000000000000000000000ID-300340000047;;;;;0;;;;;;;;;;;;;;;;;
IM00000000000000000000000ID-30034000001L;;IM00000000000000000000000ID-30034000001L;ID-30034000001L;0;0;;;;;;;BAT;CLIENT;;AD00000000000000000000000ID-30034000001L;;;;;0;;;;;;;;;;;;;;;;;
IM00000000000000000000000ID-3003400002JY;;IM00000000000000000000000ID-3003400002JY;ID-3003400002JY;0;0;;;;;;;BAT;CLIENT;;AD00000000000000000000000ID-3003400002JY;;;;;0;;;;;;;;;;;;;;;;;
IM00000000000000000000000ID-30034000006M;;IM00000000000000000000000ID-30034000006M;ID-30034000006M;0;0;;;;;;;BAT;CLIENT;;AD00000000000000000000000ID-30034000006M;;;;;0;;;;;;;;;;;;;;;;;
IM00000000000000000000000ID-300340000075;;IM00000000000000000000000ID-300340000075;ID-300340000075;0;0;;;;;;;BAT;CLIENT;;AD00000000000000000000000ID-300340000075;;;;;0;;;;;;;;;;;;;;;;;
IM00000000000000000000000ID-30034000001B;;IM00000000000000000000000ID-30034000001B;ID-30034000001B;0;0;;;;;;;BAT;CLIENT;;AD00000000000000000000000ID-30034000001B;;;;;0;;;;;;;;;;;;;;;;;
IM00000000000000000000000ID-30034000001O;;IM00000000000000000000000ID-30034000001O;ID-30034000001O;0;0;;;;;;;BAT;CLIENT;;AD00000000000000000000000ID-30034000001O;;;;;0;;;;;;;;;;;;;;;;;
IM00000000000000000000000ID-30034000002P;;IM00000000000000000000000ID-30034000002P;ID-30034000002P;0;0;;;;;;;BAT;CLIENT;;AD00000000000000000000000ID-30034000002P;;;;;0;;;;;;;;;;;;;;;;;
IM00000000000000000000000ID-30034000008V;;IM00000000000000000000000ID-30034000008V;ID-30034000008V;0;0;;;;;;;BAT;CLIENT;;AD00000000000000000000000ID-30034000008V;;;;;0;;;;;;;;;;;;;;;;;
IM00000000000000000000000ID-30034000007D;;IM00000000000000000000000ID-30034000007D;ID-30034000007D;0;0;;;;;;;BAT;CLIENT;;AD00000000000000000000000ID-30034000007D;;;;;0;;;;;;;;;;;;;;;;;
IM00000000000000000000000ID-30034000006F;;IM00000000000000000000000ID-30034000006F;ID-30034000006F;0;0;;;;;;;BAT;CLIENT;;AD00000000000000000000000ID-30034000006F;;;;;0;;;;;;;;;;;;;;;;;
IM00000000000000000000000ID-300340000078;;IM00000000000000000000000ID-300340000078;ID-300340000078;0;0;;;;;;;BAT;CLIENT;;AD00000000000000000000000ID-300340000078;;;;;0;;;;;;;;;;;;;;;;;
IM00000000000000000000000ID-30034000008E;;IM00000000000000000000000ID-30034000008E;ID-30034000008E;0;0;;;;;;;BAT;CLIENT;;AD00000000000000000000000ID-30034000008E;;;;;0;;;;;;;;;;;;;;;;;
IM00000000000000000000000ID-30034000004X;;IM00000000000000000000000ID-30034000004X;ID-30034000004X;0;0;;;;;;;BAT;CLIENT;;AD00000000000000000000000ID-30034000004X;;;;;0;;;;;;;;;;;;;;;;;
IM00000000000000000000000ID-300340000055;;IM00000000000000000000000ID-300340000055;ID-300340000055;0;0;;;;;;;BAT;CLIENT;;AD00000000000000000000000ID-300340000055;;;;;0;;;;;;;;;;;;;;;;;
IM00000000000000000000000ID-30034000005I;;IM00000000000000000000000ID-30034000005I;ID-30034000005I;0;0;;;;;;;BAT;CLIENT;;AD00000000000000000000000ID-30034000005I;;;;;0;;;;;;;;;;;;;;;;;
IM00000000000000000000000ID-30034000005Q;;IM00000000000000000000000ID-30034000005Q;ID-30034000005Q;0;0;;;;;;;BAT;CLIENT;;AD00000000000000000000000ID-30034000005Q;;;;;0;;;;;;;;;;;;;;;;;
IM00000000000000000000000ID-30034000006W;;IM00000000000000000000000ID-30034000006W;ID-30034000006W;0;0;;;;;;;BAT;CLIENT;;AD00000000000000000000000ID-30034000006W;;;;;0;;;;;;;;;;;;;;;;;
IM00000000000000000000000ID-300340000049;;IM00000000000000000000000ID-300340000049;ID-300340000049;0;0;;;;;;;BAT;CLIENT;;AD00000000000000000000000ID-300340000049;;;;;0;;;;;;;;;;;;;;;;;
IM00000000000000000000000ID-30034000003N;;IM00000000000000000000000ID-30034000003N;ID-30034000003N;0;0;;;;;;;BAT;CLIENT;;AD00000000000000000000000ID-30034000003N;;;;;0;;;;;;;;;;;;;;;;;
IM00000000000000000000000ID-30034000003A;;IM00000000000000000000000ID-30034000003A;ID-30034000003A;0;0;;;;;;;BAT;CLIENT;;AD00000000000000000000000ID-30034000003A;;;;;0;;;;;;;;;;;;;;;;;
IM00000000000000000000000ID-30034000004E;;IM00000000000000000000000ID-30034000004E;ID-30034000004E;0;0;;;;;;;BAT;CLIENT;;AD00000000000000000000000ID-30034000004E;;;;;0;;;;;;;;;;;;;;;;;
IM00000000000000000000000ID-30034000007O;;IM00000000000000000000000ID-30034000007O;ID-30034000007O;0;0;;;;;;;BAT;CLIENT;;AD00000000000000000000000ID-30034000007O;;;;;0;;;;;;;;;;;;;;;;;
IM00000000000000000000000ID-30034000001P;;IM00000000000000000000000ID-30034000001P;ID-30034000001P;0;0;;;;;;;BAT;CLIENT;;AD00000000000000000000000ID-30034000001P;;;;;0;;;;;;;;;;;;;;;;;
IM00000000000000000000000ID-30034000003P;;IM00000000000000000000000ID-30034000003P;ID-30034000003P;0;0;;;;;;;BAT;CLIENT;;AD00000000000000000000000ID-30034000003P;;;;;0;;;;;;;;;;;;;;;;;
IM00000000000000000000000ID-30034000009H;;IM00000000000000000000000ID-30034000009H;ID-30034000009H;0;0;;;;;;;BAT;CLIENT;;AD00000000000000000000000ID-30034000009H;;;;;0;;;;;;;;;;;;;;;;;
IM00000000000000000000000ID-300340000097;;IM00000000000000000000000ID-300340000097;ID-300340000097;0;0;;;;;;;BAT;CLIENT;;AD00000000000000000000000ID-300340000097;;;;;0;;;;;;;;;;;;;;;;;
IM00000000000000000000000ID-300340000270;;IM00000000000000000000000ID-300340000270;ID-300340000270;0;0;;;;;;;BAT;CLIENT;;AD00000000000000000000000ID-300340000270;;;;;0;;;;;;;;;;;;;;;;;
IM00000000000000000000000ID-300340000089;;IM00000000000000000000000ID-300340000089;ID-300340000089;0;0;;;;;;;BAT;CLIENT;;AD00000000000000000000000ID-300340000089;;;;;0;;;;;;;;;;;;;;;;;
IM00000000000000000000000ID-30034000026V;;IM00000000000000000000000ID-30034000026V;ID-30034000026V;0;0;;;;;;;BAT;CLIENT;;AD00000000000000000000000ID-30034000026V;;;;;0;;;;;;;;;;;;;;;;;
IM00000000000000000000000ID-300340000010;;IM00000000000000000000000ID-300340000010;ID-300340000010;0;0;;;;;;;BAT;CLIENT;;AD00000000000000000000000ID-300340000010;;;;;0;;;;;;;;;;;;;;;;;
IM00000000000000000000000ID-30034000009D;;IM00000000000000000000000ID-30034000009D;ID-30034000009D;0;0;;;;;;;BAT;CLIENT;;AD00000000000000000000000ID-30034000009D;;;;;0;;;;;;;;;;;;;;;;;
IM00000000000000000000000ID-30034000008L;;IM00000000000000000000000ID-30034000008L;ID-30034000008L;0;0;;;;;;;BAT;CLIENT;;AD00000000000000000000000ID-30034000008L;;;;;0;;;;;;;;;;;;;;;;;
IM00000000000000000000000ID-30034000009A;;IM00000000000000000000000ID-30034000009A;ID-30034000009A;0;0;;;;;;;BAT;CLIENT;;AD00000000000000000000000ID-30034000009A;;;;;0;;;;;;;;;;;;;;;;;
IM00000000000000000000000ID-30034000007Q;;IM00000000000000000000000ID-30034000007Q;ID-30034000007Q;0;0;;;;;;;BAT;CLIENT;;AD00000000000000000000000ID-30034000007Q;;;;;0;;;;;;;;;;;;;;;;;
IM00000000000000000000000ID-30034000002S;;IM00000000000000000000000ID-30034000002S;ID-30034000002S;0;0;;;;;;;BAT;CLIENT;;AD00000000000000000000000ID-30034000002S;;;;;0;;;;;;;;;;;;;;;;;
IM00000000000000000000000ID-300340000042;;IM00000000000000000000000ID-300340000042;ID-300340000042;0;0;;;;;;;BAT;CLIENT;;AD00000000000000000000000ID-300340000042;;;;;0;;;;;;;;;;;;;;;;;
IM00000000000000000000000ID-30034000002O;;IM00000000000000000000000ID-30034000002O;ID-30034000002O;0;0;;;;;;;BAT;CLIENT;;AD00000000000000000000000ID-30034000002O;;;;;0;;;;;;;;;;;;;;;;;
IM00000000000000000000000ID-30034000004M;;IM00000000000000000000000ID-30034000004M;ID-30034000004M;0;0;;;;;;;BAT;CLIENT;;AD00000000000000000000000ID-30034000004M;;;;;0;;;;;;;;;;;;;;;;;
IM00000000000000000000000ID-30034000026U;;IM00000000000000000000000ID-30034000026U;ID-30034000026U;0;0;;;;;;;BAT;CLIENT;;AD00000000000000000000000ID-30034000026U;;;;;0;;;;;;;;;;;;;;;;;
IM00000000000000000000000ID-30034000001J;;IM00000000000000000000000ID-30034000001J;ID-30034000001J;0;0;;;;;;;BAT;CLIENT;;AD00000000000000000000000ID-30034000001J;;;;;0;;;;;;;;;;;;;;;;;
IM00000000000000000000000ID-30034000000R;;IM00000000000000000000000ID-30034000000R;ID-30034000000R;0;0;;;;;;;BAT;CLIENT;;AD00000000000000000000000ID-30034000000R;;;;;0;;;;;;;;;;;;;;;;;
IM00000000000000000000000ID-300340000272;;IM00000000000000000000000ID-300340000272;ID-300340000272;0;0;;;;;;;BAT;CLIENT;;AD00000000000000000000000ID-300340000272;;;;;0;;;;;;;;;;;;;;;;;
IM00000000000000000000000ID-30034000000Q;;IM00000000000000000000000ID-30034000000Q;ID-30034000000Q;0;0;;;;;;;BAT;CLIENT;;AD00000000000000000000000ID-30034000000Q;;;;;0;;;;;;;;;;;;;;;;;
IM00000000000000000000000ID-30034000006T;;IM00000000000000000000000ID-30034000006T;ID-30034000006T;0;0;;;;;;;BAT;CLIENT;;AD00000000000000000000000ID-30034000006T;;;;;0;;;;;;;;;;;;;;;;;
IM00000000000000000000000ID-30034000002C;;IM00000000000000000000000ID-30034000002C;ID-30034000002C;0;0;;;;;;;BAT;CLIENT;;AD00000000000000000000000ID-30034000002C;;;;;0;;;;;;;;;;;;;;;;;
IM00000000000000000000000ID-30034000000W;;IM00000000000000000000000ID-30034000000W;ID-30034000000W;0;0;;;;;;;BAT;CLIENT;;AD00000000000000000000000ID-30034000000W;;;;;0;;;;;;;;;;;;;;;;;
IM00000000000000000000000ID-30034000002Q;;IM00000000000000000000000ID-30034000002Q;ID-30034000002Q;0;0;;;;;;;BAT;CLIENT;;AD00000000000000000000000ID-30034000002Q;;;;;0;;;;;;;;;;;;;;;;;
IM00000000000000000000000ID-300340000046;;IM00000000000000000000000ID-300340000046;ID-300340000046;0;0;;;;;;;BAT;CLIENT;;AD00000000000000000000000ID-300340000046;;;;;0;;;;;;;;;;;;;;;;;
IM00000000000000000000000ID-30034000002E;;IM00000000000000000000000ID-30034000002E;ID-30034000002E;0;0;;;;;;;BAT;CLIENT;;AD00000000000000000000000ID-30034000002E;;;;;0;;;;;;;;;;;;;;;;;
IM00000000000000000000000ID-300340000033;;IM00000000000000000000000ID-300340000033;ID-300340000033;0;0;;;;;;;BAT;CLIENT;;AD00000000000000000000000ID-300340000033;;;;;0;;;;;;;;;;;;;;;;;
IM00000000000000000000000ID-30034000007R;;IM00000000000000000000000ID-30034000007R;ID-30034000007R;0;0;;;;;;;BAT;CLIENT;;AD00000000000000000000000ID-30034000007R;;;;;0;;;;;;;;;;;;;;;;;
IM00000000000000000000000ID-300340000021;;IM00000000000000000000000ID-300340000021;ID-300340000021;0;0;;;;;;;BAT;CLIENT;;AD00000000000000000000000ID-300340000021;;;;;0;;;;;;;;;;;;;;;;;
IM00000000000000000000000ID-30034000001K;;IM00000000000000000000000ID-30034000001K;ID-30034000001K;0;0;;;;;;;BAT;CLIENT;;AD00000000000000000000000ID-30034000001K;;;;;0;;;;;;;;;;;;;;;;;
IM00000000000000000000000ID-30034000008P;;IM00000000000000000000000ID-30034000008P;ID-30034000008P;0;0;;;;;;;BAT;CLIENT;;AD00000000000000000000000ID-30034000008P;;;;;0;;;;;;;;;;;;;;;;;
IM00000000000000000000000ID-300340000044;;IM00000000000000000000000ID-300340000044;ID-300340000044;0;0;;;;;;;BAT;CLIENT;;AD00000000000000000000000ID-300340000044;;;;;0;;;;;;;;;;;;;;;;;
IM00000000000000000000000ID-30034000003C;;IM00000000000000000000000ID-30034000003C;ID-30034000003C;0;0;;;;;;;BAT;CLIENT;;AD00000000000000000000000ID-30034000003C;;;;;0;;;;;;;;;;;;;;;;;
IM00000000000000000000000ID-300340000024;;IM00000000000000000000000ID-300340000024;ID-300340000024;0;0;;;;;;;BAT;CLIENT;;AD00000000000000000000000ID-300340000024;;;;;0;;;;;;;;;;;;;;;;;
IM00000000000000000000000ID-3003400002QL;;IM00000000000000000000000ID-3003400002QL;ID-3003400002QL;0;0;;;;;;;BAT;CLIENT;;AD00000000000000000000000ID-3003400002QL;;;;;0;;;;;;;;;;;;;;;;;
IM00000000000000000000000ID-300340000032;;IM00000000000000000000000ID-300340000032;ID-300340000032;0;0;;;;;;;BAT;CLIENT;;AD00000000000000000000000ID-300340000032;;;;;0;;;;;;;;;;;;;;;;;
IM00000000000000000000000ID-30034000005U;;IM00000000000000000000000ID-30034000005U;ID-30034000005U;0;0;;;;;;;BAT;CLIENT;;AD00000000000000000000000ID-30034000005U;;;;;0;;;;;;;;;;;;;;;;;
IM00000000000000000000000ID-300340000057;;IM00000000000000000000000ID-300340000057;ID-300340000057;0;0;;;;;;;BAT;CLIENT;;AD00000000000000000000000ID-300340000057;;;;;0;;;;;;;;;;;;;;;;;
IM00000000000000000000000ID-300340000045;;IM00000000000000000000000ID-300340000045;ID-300340000045;0;0;;;;;;;BAT;CLIENT;;AD00000000000000000000000ID-300340000045;;;;;0;;;;;;;;;;;;;;;;;
IM00000000000000000000000ID-30034000023K;;IM00000000000000000000000ID-30034000023K;ID-30034000023K;0;0;;;;;;;BAT;CLIENT;;AD00000000000000000000000ID-30034000023K;;;;;0;;;;;;;;;;;;;;;;;
IM00000000000000000000000ID-30034000003J;;IM00000000000000000000000ID-30034000003J;ID-30034000003J;0;0;;;;;;;BAT;CLIENT;;AD00000000000000000000000ID-30034000003J;;;;;0;;;;;;;;;;;;;;;;;
IM00000000000000000000000ID-300340000029;;IM00000000000000000000000ID-300340000029;ID-300340000029;0;0;;;;;;;BAT;CLIENT;;AD00000000000000000000000ID-300340000029;;;;;0;;;;;;;;;;;;;;;;;
IM00000000000000000000000ID-30034000005D;;IM00000000000000000000000ID-30034000005D;ID-30034000005D;0;0;;;;;;;BAT;CLIENT;;AD00000000000000000000000ID-30034000005D;;;;;0;;;;;;;;;;;;;;;;;
IM00000000000000000000000ID-300340000085;;IM00000000000000000000000ID-300340000085;ID-300340000085;0;0;;;;;;;BAT;CLIENT;;AD00000000000000000000000ID-300340000085;;;;;0;;;;;;;;;;;;;;;;;
IM00000000000000000000000ID-300340000065;;IM00000000000000000000000ID-300340000065;ID-300340000065;0;0;;;;;;;BAT;CLIENT;;AD00000000000000000000000ID-300340000065;;;;;0;;;;;;;;;;;;;;;;;
IM00000000000000000000000ID-30034000003Q;;IM00000000000000000000000ID-30034000003Q;ID-30034000003Q;0;0;;;;;;;BAT;CLIENT;;AD00000000000000000000000ID-30034000003Q;;;;;0;;;;;;;;;;;;;;;;;
IM00000000000000000000000ID-30034000003O;;IM00000000000000000000000ID-30034000003O;ID-30034000003O;0;0;;;;;;;BAT;CLIENT;;AD00000000000000000000000ID-30034000003O;;;;;0;;;;;;;;;;;;;;;;;
IM00000000000000000000000ID-30034000000O;;IM00000000000000000000000ID-30034000000O;ID-30034000000O;0;0;;;;;;;BAT;CLIENT;;AD00000000000000000000000ID-30034000000O;;;;;0;;;;;;;;;;;;;;;;;
IM00000000000000000000000ID-300340000071;;IM00000000000000000000000ID-300340000071;ID-300340000071;0;0;;;;;;;BAT;CLIENT;;AD00000000000000000000000ID-300340000071;;;;;0;;;;;;;;;;;;;;;;;
IM00000000000000000000000ID-3003400002HW;;IM00000000000000000000000ID-3003400002HW;ID-3003400002HW;0;0;;;;;;;BAT;CLIENT;;AD00000000000000000000000ID-3003400002HW;;;;;0;;;;;;;;;;;;;;;;;
IM00000000000000000000000ID-30034000003M;;IM00000000000000000000000ID-30034000003M;ID-30034000003M;0;0;;;;;;;BAT;CLIENT;;AD00000000000000000000000ID-30034000003M;;;;;0;;;;;;;;;;;;;;;;;
IM00000000000000000000000ID-30034000003D;;IM00000000000000000000000ID-30034000003D;ID-30034000003D;0;0;;;;;;;BAT;CLIENT;;AD00000000000000000000000ID-30034000003D;;;;;0;;;;;;;;;;;;;;;;;
IM00000000000000000000000ID-300340000031;;IM00000000000000000000000ID-300340000031;ID-300340000031;0;0;;;;;;;BAT;CLIENT;;AD00000000000000000000000ID-300340000031;;;;;0;;;;;;;;;;;;;;;;;
IM00000000000000000000000ID-30034000000X;;IM00000000000000000000000ID-30034000000X;ID-30034000000X;0;0;;;;;;;BAT;CLIENT;;AD00000000000000000000000ID-30034000000X;;;;;0;;;;;;;;;;;;;;;;;
IM00000000000000000000000ID-300340000090;;IM00000000000000000000000ID-300340000090;ID-300340000090;0;0;;;;;;;BAT;CLIENT;;AD00000000000000000000000ID-300340000090;;;;;0;;;;;;;;;;;;;;;;;
IM00000000000000000000000ID-30034000006B;;IM00000000000000000000000ID-30034000006B;ID-30034000006B;0;0;;;;;;;BAT;CLIENT;;AD00000000000000000000000ID-30034000006B;;;;;0;;;;;;;;;;;;;;;;;
IM00000000000000000000000ID-30034000001H;;IM00000000000000000000000ID-30034000001H;ID-30034000001H;0;0;;;;;;;BAT;CLIENT;;AD00000000000000000000000ID-30034000001H;;;;;0;;;;;;;;;;;;;;;;;
IM00000000000000000000000ID-300340000081;;IM00000000000000000000000ID-300340000081;ID-300340000081;0;0;;;;;;;BAT;CLIENT;;AD00000000000000000000000ID-300340000081;;;;;0;;;;;;;;;;;;;;;;;
IM00000000000000000000000ID-300340000017;;IM00000000000000000000000ID-300340000017;ID-300340000017;0;0;;;;;;;BAT;CLIENT;;AD00000000000000000000000ID-300340000017;;;;;0;;;;;;;;;;;;;;;;;
IM00000000000000000000000ID-30034000008X;;IM00000000000000000000000ID-30034000008X;ID-30034000008X;0;0;;;;;;;BAT;CLIENT;;AD00000000000000000000000ID-30034000008X;;;;;0;;;;;;;;;;;;;;;;;
IM00000000000000000000000ID-30034000028N;;IM00000000000000000000000ID-30034000028N;ID-30034000028N;0;0;;;;;;;BAT;CLIENT;;AD00000000000000000000000ID-30034000028N;;;;;0;;;;;;;;;;;;;;;;;
IM00000000000000000000000ID-30034000001A;;IM00000000000000000000000ID-30034000001A;ID-30034000001A;0;0;;;;;;;BAT;CLIENT;;AD00000000000000000000000ID-30034000001A;;;;;0;;;;;;;;;;;;;;;;;
IM00000000000000000000000ID-30034000008G;;IM00000000000000000000000ID-30034000008G;ID-30034000008G;0;0;;;;;;;BAT;CLIENT;;AD00000000000000000000000ID-30034000008G;;;;;0;;;;;;;;;;;;;;;;;
IM00000000000000000000000ID-300340000087;;IM00000000000000000000000ID-300340000087;ID-300340000087;0;0;;;;;;;BAT;CLIENT;;AD00000000000000000000000ID-300340000087;;;;;0;;;;;;;;;;;;;;;;;
IM00000000000000000000000ID-30034000003U;;IM00000000000000000000000ID-30034000003U;ID-30034000003U;0;0;;;;;;;BAT;CLIENT;;AD00000000000000000000000ID-30034000003U;;;;;0;;;;;;;;;;;;;;;;;
IM00000000000000000000000ID-30034000003H;;IM00000000000000000000000ID-30034000003H;ID-30034000003H;0;0;;;;;;;BAT;CLIENT;;AD00000000000000000000000ID-30034000003H;;;;;0;;;;;;;;;;;;;;;;;
IM00000000000000000000000ID-300340000038;;IM00000000000000000000000ID-300340000038;ID-300340000038;0;0;;;;;;;BAT;CLIENT;;AD00000000000000000000000ID-300340000038;;;;;0;;;;;;;;;;;;;;;;;
IM00000000000000000000000ID-30034000001R;;IM00000000000000000000000ID-30034000001R;ID-30034000001R;0;0;;;;;;;BAT;CLIENT;;AD00000000000000000000000ID-30034000001R;;;;;0;;;;;;;;;;;;;;;;;
IM00000000000000000000000ID-30034000001X;;IM00000000000000000000000ID-30034000001X;ID-30034000001X;0;0;;;;;;;BAT;CLIENT;;AD00000000000000000000000ID-30034000001X;;;;;0;;;;;;;;;;;;;;;;;
IM00000000000000000000000ID-30034000006Q;;IM00000000000000000000000ID-30034000006Q;ID-30034000006Q;0;0;;;;;;;BAT;CLIENT;;AD00000000000000000000000ID-30034000006Q;;;;;0;;;;;;;;;;;;;;;;;
IM00000000000000000000000ID-30034000002R;;IM00000000000000000000000ID-30034000002R;ID-30034000002R;0;0;;;;;;;BAT;CLIENT;;AD00000000000000000000000ID-30034000002R;;;;;0;;;;;;;;;;;;;;;;;
IM00000000000000000000000ID-300340000028;;IM00000000000000000000000ID-300340000028;ID-300340000028;0;0;;;;;;;BAT;CLIENT;;AD00000000000000000000000ID-300340000028;;;;;0;;;;;;;;;;;;;;;;;
IM00000000000000000000000ID-30034000008I;;IM00000000000000000000000ID-30034000008I;ID-30034000008I;0;0;;;;;;;BAT;CLIENT;;AD00000000000000000000000ID-30034000008I;;;;;0;;;;;;;;;;;;;;;;;
IM00000000000000000000000ID-30034000004V;;IM00000000000000000000000ID-30034000004V;ID-30034000004V;0;0;;;;;;;BAT;CLIENT;;AD00000000000000000000000ID-30034000004V;;;;;0;;;;;;;;;;;;;;;;;
IM00000000000000000000000ID-30034000026Z;;IM00000000000000000000000ID-30034000026Z;ID-30034000026Z;0;0;;;;;;;BAT;CLIENT;;AD00000000000000000000000ID-30034000026Z;;;;;0;;;;;;;;;;;;;;;;;
IM00000000000000000000000ID-30034000029B;;IM00000000000000000000000ID-30034000029B;ID-30034000029B;0;0;;;;;;;BAT;CLIENT;;AD00000000000000000000000ID-30034000029B;;;;;0;;;;;;;;;;;;;;;;;
IM00000000000000000000000ID-3003400002QJ;;IM00000000000000000000000ID-3003400002QJ;ID-3003400002QJ;0;0;;;;;;;BAT;CLIENT;;AD00000000000000000000000ID-3003400002QJ;;;;;0;;;;;;;;;;;;;;;;;
IM00000000000000000000000ID-30034000003L;;IM00000000000000000000000ID-30034000003L;ID-30034000003L;0;0;;;;;;;BAT;CLIENT;;AD00000000000000000000000ID-30034000003L;;;;;0;;;;;;;;;;;;;;;;;
IM00000000000000000000000ID-30034000026X;;IM00000000000000000000000ID-30034000026X;ID-30034000026X;0;0;;;;;;;BAT;CLIENT;;AD00000000000000000000000ID-30034000026X;;;;;0;;;;;;;;;;;;;;;;;
IM00000000000000000000000ID-30034000003I;;IM00000000000000000000000ID-30034000003I;ID-30034000003I;0;0;;;;;;;BAT;CLIENT;;AD00000000000000000000000ID-30034000003I;;;;;0;;;;;;;;;;;;;;;;;
IM00000000000000000000000ID-30034000000Y;;IM00000000000000000000000ID-30034000000Y;ID-30034000000Y;0;0;;;;;;;BAT;CLIENT;;AD00000000000000000000000ID-30034000000Y;;;;;0;;;;;;;;;;;;;;;;;
IM00000000000000000000000ID-300340000073;;IM00000000000000000000000ID-300340000073;ID-300340000073;0;0;;;;;;;BAT;CLIENT;;AD00000000000000000000000ID-300340000073;;;;;0;;;;;;;;;;;;;;;;;
IM00000000000000000000000ID-300340000076;;IM00000000000000000000000ID-300340000076;ID-300340000076;0;0;;;;;;;BAT;CLIENT;;AD00000000000000000000000ID-300340000076;;;;;0;;;;;;;;;;;;;;;;;
IM00000000000000000000000ID-30034000006E;;IM00000000000000000000000ID-30034000006E;ID-30034000006E;0;0;;;;;;;BAT;CLIENT;;AD00000000000000000000000ID-30034000006E;;;;;0;;;;;;;;;;;;;;;;;
IM00000000000000000000000ID-30034000001I;;IM00000000000000000000000ID-30034000001I;ID-30034000001I;0;0;;;;;;;BAT;CLIENT;;AD00000000000000000000000ID-30034000001I;;;;;0;;;;;;;;;;;;;;;;;
IM00000000000000000000000ID-30034000009F;;IM00000000000000000000000ID-30034000009F;ID-30034000009F;0;0;;;;;;;BAT;CLIENT;;AD00000000000000000000000ID-30034000009F;;;;;0;;;;;;;;;;;;;;;;;
IM00000000000000000000000ID-30034000003T;;IM00000000000000000000000ID-30034000003T;ID-30034000003T;0;0;;;;;;;BAT;CLIENT;;AD00000000000000000000000ID-30034000003T;;;;;0;;;;;;;;;;;;;;;;;
IM00000000000000000000000ID-30034000004K;;IM00000000000000000000000ID-30034000004K;ID-30034000004K;0;0;;;;;;;BAT;CLIENT;;AD00000000000000000000000ID-30034000004K;;;;;0;;;;;;;;;;;;;;;;;
IM00000000000000000000000ID-300340000094;;IM00000000000000000000000ID-300340000094;ID-300340000094;0;0;;;;;;;BAT;CLIENT;;AD00000000000000000000000ID-300340000094;;;;;0;;;;;;;;;;;;;;;;;
IM00000000000000000000000ID-300340000030;;IM00000000000000000000000ID-300340000030;ID-300340000030;0;0;;;;;;;BAT;CLIENT;;AD00000000000000000000000ID-300340000030;;;;;0;;;;;;;;;;;;;;;;;
IM00000000000000000000000ID-30034000008O;;IM00000000000000000000000ID-30034000008O;ID-30034000008O;0;0;;;;;;;BAT;CLIENT;;AD00000000000000000000000ID-30034000008O;;;;;0;;;;;;;;;;;;;;;;;
IM00000000000000000000000ID-30034000009E;;IM00000000000000000000000ID-30034000009E;ID-30034000009E;0;0;;;;;;;BAT;CLIENT;;AD00000000000000000000000ID-30034000009E;;;;;0;;;;;;;;;;;;;;;;;
IM00000000000000000000000ID-30034000008U;;IM00000000000000000000000ID-30034000008U;ID-30034000008U;0;0;;;;;;;BAT;CLIENT;;AD00000000000000000000000ID-30034000008U;;;;;0;;;;;;;;;;;;;;;;;
IM00000000000000000000000ID-30034000008Z;;IM00000000000000000000000ID-30034000008Z;ID-30034000008Z;0;0;;;;;;;BAT;CLIENT;;AD00000000000000000000000ID-30034000008Z;;;;;0;;;;;;;;;;;;;;;;;
IM00000000000000000000000ID-30034000002Y;;IM00000000000000000000000ID-30034000002Y;ID-30034000002Y;0;0;;;;;;;BAT;CLIENT;;AD00000000000000000000000ID-30034000002Y;;;;;0;;;;;;;;;;;;;;;;;
IM00000000000000000000000ID-30034000004O;;IM00000000000000000000000ID-30034000004O;ID-30034000004O;0;0;;;;;;;BAT;CLIENT;;AD00000000000000000000000ID-30034000004O;;;;;0;;;;;;;;;;;;;;;;;
IM00000000000000000000000ID-300340000012;;IM00000000000000000000000ID-300340000012;ID-300340000012;0;0;;;;;;;BAT;CLIENT;;AD00000000000000000000000ID-300340000012;;;;;0;;;;;;;;;;;;;;;;;
IM00000000000000000000000ID-30034000002M;;IM00000000000000000000000ID-30034000002M;ID-30034000002M;0;0;;;;;;;BAT;CLIENT;;AD00000000000000000000000ID-30034000002M;;;;;0;;;;;;;;;;;;;;;;;
IM00000000000000000000000ID-300340000048;;IM00000000000000000000000ID-300340000048;ID-300340000048;0;0;;;;;;;BAT;CLIENT;;AD00000000000000000000000ID-300340000048;;;;;0;;;;;;;;;;;;;;;;;
IM00000000000000000000000ID-30034000006I;;IM00000000000000000000000ID-30034000006I;ID-30034000006I;0;0;;;;;;;BAT;CLIENT;;AD00000000000000000000000ID-30034000006I;;;;;0;;;;;;;;;;;;;;;;;
IM00000000000000000000000ID-3003400002QK;;IM00000000000000000000000ID-3003400002QK;ID-3003400002QK;0;0;;;;;;;BAT;CLIENT;;AD00000000000000000000000ID-3003400002QK;;;;;0;;;;;;;;;;;;;;;;;
